player,season,tm,mp,usg_percent,ts_percent,x3p_ar,ast_percent,trb_percent
A.J. Green,2024,MIL,614.0,15.2,0.617,0.862,6.4,5.7
Aaron Gordon,2024,DEN,2297.0,17.8,0.607,0.193,15.2,11.4
Aaron Holiday,2024,HOU,1269.0,16.7,0.578,0.52,15.4,5.2
Aaron Nesmith,2024,IND,1995.0,16.0,0.631,0.526,6.6,7.8
Aaron Wiggins,2024,OKC,1228.0,16.4,0.664,0.334,9.3,8.4
Al Horford,2024,BOS,1740.0,12.0,0.65,0.616,12.3,12.8
Alec Burks,2024,TOT,1212.0,24.4,0.536,0.58,10.7,6.9
Alex Caruso,2024,CHI,2040.0,14.7,0.613,0.616,16.4,7.5
Alperen Sengun,2024,HOU,2046.0,27.0,0.585,0.113,25.2,15.4
Amen Thompson,2024,HOU,1388.0,18.5,0.576,0.13,17.0,15.8
Amir Coffey,2024,LAC,1460.0,12.5,0.604,0.523,6.8,5.7
Andre Drummond,2024,CHI,1351.0,21.3,0.576,0.006,4.1,29.3
Andre Jackson Jr.,2024,MIL,572.0,10.0,0.596,0.46,10.8,10.8
Andrew Nembhard,2024,IND,1697.0,16.0,0.573,0.328,20.0,4.7
Andrew Wiggins,2024,GSW,1920.0,20.9,0.544,0.326,8.6,9.0
Anfernee Simons,2024,POR,1582.0,28.0,0.568,0.484,27.6,5.9
Anthony Black,2024,ORL,1164.0,12.7,0.56,0.381,10.6,7.0
Anthony Davis,2024,LAL,2700.0,26.7,0.621,0.083,15.5,19.8
Anthony Edwards,2024,MIN,2770.0,32.3,0.575,0.341,24.6,8.8
Ausar Thompson,2024,DET,1583.0,16.6,0.522,0.235,10.8,14.2
Austin Reaves,2024,LAL,2629.0,20.3,0.613,0.447,23.5,7.4
Ayo Dosunmu,2024,CHI,2212.0,17.2,0.604,0.41,15.6,5.5
Bam Adebayo,2024,MIA,2416.0,24.9,0.576,0.041,18.9,17.3
Ben Sheppard,2024,IND,814.0,13.2,0.524,0.681,7.5,6.2
Bennedict Mathurin,2024,IND,1538.0,23.4,0.562,0.323,9.8,8.6
Bilal Coulibaly,2024,WAS,1715.0,14.2,0.543,0.428,8.2,8.0
Bismack Biyombo,2024,TOT,791.0,10.7,0.562,0.0,9.5,14.5
Blake Wesley,2024,SAS,876.0,14.7,0.537,0.256,25.3,5.8
Bobby Portis,2024,MIL,2008.0,22.9,0.581,0.268,7.8,16.6
Bogdan Bogdanović,2024,ATL,2401.0,22.3,0.569,0.583,14.9,6.2
Bojan Bogdanović,2024,TOT,1478.0,24.6,0.581,0.49,10.3,5.7
Bones Hyland,2024,LAC,540.0,24.8,0.49,0.538,24.5,5.7
Bradley Beal,2024,PHO,1767.0,22.7,0.607,0.32,22.5,7.4
Brandin Podziemski,2024,GSW,1968.0,15.4,0.54,0.392,18.1,11.7
Brandon Ingram,2024,NOP,2103.0,27.2,0.578,0.238,26.7,8.6
Brandon Miller,2024,CHO,2383.0,23.9,0.552,0.455,11.6,7.4
Brice Sensabaugh,2024,UTA,584.0,20.3,0.511,0.528,13.0,9.6
Brook Lopez,2024,MIL,2411.0,16.0,0.608,0.535,7.1,9.3
Bruce Brown,2024,TOT,1866.0,16.5,0.563,0.282,13.2,8.5
Bruno Fernando,2024,ATL,682.0,16.7,0.615,0.021,9.3,15.4
Bryce McGowens,2024,CHO,882.0,14.9,0.565,0.443,8.1,6.5
Buddy Hield,2024,TOT,2160.0,19.2,0.578,0.668,14.5,7.0
CJ McCollum,2024,NOP,2159.0,24.7,0.592,0.528,21.4,7.4
Cade Cunningham,2024,DET,2074.0,30.8,0.546,0.287,37.5,7.2
Caleb Houstan,2024,ORL,815.0,12.5,0.582,0.937,4.8,6.1
Caleb Martin,2024,MIA,1756.0,17.3,0.531,0.415,11.8,9.1
Cam Reddish,2024,LAL,984.0,12.7,0.504,0.47,6.0,5.6
Cam Thomas,2024,BRK,2075.0,30.5,0.554,0.333,15.7,5.6
Cam Whitmore,2024,HOU,880.0,27.1,0.561,0.471,6.0,11.0
Cameron Johnson,2024,BRK,1599.0,19.6,0.582,0.57,12.9,8.6
Cameron Payne,2024,TOT,1304.0,19.1,0.566,0.555,21.9,4.9
Caris LeVert,2024,CLE,1958.0,23.1,0.524,0.405,25.7,8.0
Cason Wallace,2024,OKC,1692.0,12.9,0.612,0.529,8.9,6.2
Cedi Osman,2024,SAS,1269.0,15.1,0.601,0.576,13.0,7.7
Chet Holmgren,2024,OKC,2413.0,21.6,0.632,0.366,11.6,15.0
Chimezie Metu,2024,TOT,859.0,16.2,0.61,0.385,7.4,12.7
Chris Boucher,2024,TOR,705.0,17.3,0.625,0.433,4.5,16.1
Chris Duarte,2024,SAC,719.0,14.9,0.512,0.605,7.8,8.3
Chris Paul,2024,GSW,1531.0,15.6,0.544,0.45,33.4,7.9
Christian Braun,2024,DEN,1655.0,15.7,0.554,0.34,10.2,10.2
Christian Wood,2024,LAL,872.0,17.6,0.568,0.432,7.4,16.2
Clint Capela,2024,ATL,1883.0,17.3,0.59,0.002,6.9,22.4
Coby White,2024,CHI,2881.0,22.7,0.57,0.46,20.8,6.9
Cody Martin,2024,CHO,753.0,16.1,0.46,0.4,19.1,8.1
Cole Anthony,2024,ORL,1817.0,23.7,0.545,0.36,19.8,10.1
Collin Sexton,2024,UTA,2075.0,27.5,0.607,0.313,29.5,5.4
Corey Kispert,2024,WAS,2067.0,19.6,0.62,0.605,10.7,5.8
Craig Porter Jr.,2024,CLE,649.0,20.2,0.564,0.149,26.5,9.4
D'Angelo Russell,2024,LAL,2484.0,23.0,0.588,0.505,27.6,5.3
Dalano Banton,2024,TOT,1047.0,25.7,0.504,0.398,19.4,9.5
Dalen Terry,2024,CHI,681.0,13.4,0.512,0.471,15.6,9.3
Damian Lillard,2024,MIL,2579.0,28.4,0.59,0.487,28.8,6.8
Daniel Gafford,2024,TOT,1815.0,14.7,0.731,0.0,9.1,16.7
Daniel Theis,2024,TOT,1015.0,15.4,0.597,0.242,8.3,13.6
Danilo Gallinari,2024,TOT,630.0,17.2,0.601,0.489,11.6,9.3
Dante Exum,2024,DAL,1088.0,15.0,0.645,0.358,19.3,7.5
Danuel House Jr.,2024,PHI,509.0,12.2,0.575,0.476,7.2,6.3
Dario Šarić,2024,GSW,1098.0,19.5,0.6,0.508,17.8,13.9
Darius Garland,2024,CLE,1901.0,25.3,0.56,0.423,29.4,4.5
David Roddy,2024,TOT,1177.0,18.1,0.484,0.401,10.3,9.8
Davion Mitchell,2024,SAC,1101.0,14.9,0.555,0.489,16.0,4.8
Day'Ron Sharpe,2024,BRK,921.0,19.7,0.596,0.051,14.0,23.1
De'Aaron Fox,2024,SAC,2659.0,31.0,0.567,0.374,25.2,7.2
De'Andre Hunter,2024,ATL,1681.0,20.6,0.595,0.459,7.3,7.2
De'Anthony Melton,2024,PHI,1023.0,18.3,0.533,0.594,15.4,7.6
DeMar DeRozan,2024,CHI,2989.0,25.8,0.584,0.166,21.8,6.4
Dean Wade,2024,CLE,1108.0,10.5,0.598,0.871,5.0,11.1
Deandre Ayton,2024,POR,1784.0,21.1,0.587,0.013,8.8,19.1
Dejounte Murray,2024,ATL,2783.0,26.6,0.555,0.379,27.9,8.1
Delon Wright,2024,TOT,742.0,12.8,0.505,0.362,20.8,6.3
Deni Avdija,2024,WAS,2257.0,20.2,0.597,0.293,17.8,12.8
Dennis Schröder,2024,TOT,2486.0,20.3,0.55,0.397,28.0,5.3
Dennis Smith Jr.,2024,BRK,1059.0,17.7,0.508,0.322,27.3,8.5
Dereck Lively II,2024,DAL,1294.0,12.6,0.728,0.007,6.4,16.0
Derrick Jones Jr.,2024,DAL,1783.0,14.9,0.592,0.483,5.5,7.7
Derrick White,2024,BOS,2381.0,18.6,0.611,0.59,21.2,7.0
Desmond Bane,2024,MEM,1443.0,28.5,0.589,0.464,29.2,7.0
Devin Booker,2024,PHO,2447.0,29.8,0.611,0.32,31.2,7.1
Devin Vassell,2024,SAS,2248.0,23.5,0.578,0.422,19.1,6.3
Dillon Brooks,2024,HOU,2227.0,17.6,0.549,0.482,7.5,5.9
Domantas Sabonis,2024,SAC,2928.0,22.2,0.637,0.081,33.9,21.4
Donovan Mitchell,2024,CLE,1942.0,31.4,0.595,0.454,28.3,8.1
Donte DiVincenzo,2024,NYK,2360.0,21.3,0.597,0.702,13.7,7.1
Dorian Finney-Smith,2024,BRK,1934.0,13.2,0.546,0.658,7.6,9.0
Doug McDermott,2024,TOT,904.0,14.9,0.6,0.806,10.3,3.6
Draymond Green,2024,GSW,1490.0,15.3,0.587,0.347,28.6,14.4
Drew Eubanks,2024,PHO,1169.0,13.2,0.645,0.012,7.2,15.6
Duncan Robinson,2024,MIA,1905.0,19.0,0.612,0.701,15.1,5.1
Duop Reath,2024,POR,1214.0,20.7,0.571,0.491,8.9,11.5
Dwight Powell,2024,DAL,836.0,9.1,0.716,0.028,12.4,14.0
Dyson Daniels,2024,NOP,1358.0,12.6,0.529,0.434,15.4,9.7
Dāvis Bertāns,2024,TOT,674.0,17.4,0.583,0.855,7.2,5.1
Eric Gordon,2024,PHO,1893.0,16.5,0.58,0.642,10.0,3.6
Evan Fournier,2024,TOT,580.0,19.0,0.464,0.588,11.6,5.6
Evan Mobley,2024,CLE,1532.0,20.6,0.626,0.107,15.9,17.2
Franz Wagner,2024,ORL,2337.0,25.7,0.575,0.305,18.8,9.6
Fred VanVleet,2024,HOU,2684.0,19.7,0.568,0.576,31.1,5.6
GG Jackson II,2024,MEM,1233.0,24.2,0.554,0.508,8.0,8.7
Garrison Mathews,2024,ATL,992.0,11.1,0.665,0.854,4.8,5.1
Gary Harris,2024,ORL,1297.0,11.7,0.587,0.69,9.1,4.1
Gary Payton II,2024,GSW,680.0,13.6,0.621,0.301,9.4,9.0
Gary Trent Jr.,2024,TOR,1994.0,20.0,0.548,0.535,8.6,5.2
Georges Niang,2024,CLE,1831.0,17.6,0.583,0.627,7.5,8.5
Giannis Antetokounmpo,2024,MIL,2567.0,33.0,0.649,0.091,32.7,17.9
Goga Bitadze,2024,ORL,957.0,13.3,0.629,0.067,11.7,17.5
Gordon Hayward,2024,TOT,1245.0,18.4,0.548,0.223,18.3,8.1
Gradey Dick,2024,TOR,1268.0,17.4,0.546,0.542,7.4,5.7
Grant Williams,2024,TOT,2130.0,15.9,0.588,0.555,11.3,8.3
Grayson Allen,2024,PHO,2513.0,14.5,0.679,0.652,12.1,6.6
Harrison Barnes,2024,SAC,2381.0,15.7,0.611,0.526,5.6,5.9
Haywood Highsmith,2024,MIA,1366.0,12.4,0.587,0.584,7.2,8.7
Herbert Jones,2024,NOP,2321.0,14.1,0.636,0.464,11.3,6.5
Immanuel Quickley,2024,TOT,1985.0,23.8,0.577,0.484,24.6,7.2
Isaac Okoro,2024,CLE,1887.0,13.9,0.599,0.448,9.5,6.1
Isaiah Hartenstein,2024,NYK,1896.0,12.0,0.67,0.008,13.5,18.5
Isaiah Jackson,2024,IND,771.0,17.2,0.689,0.017,8.3,17.5
Isaiah Joe,2024,OKC,1445.0,16.6,0.626,0.728,8.9,6.9
Isaiah Stewart,2024,DET,1423.0,14.5,0.6,0.458,7.1,11.9
Ish Smith,2024,CHO,741.0,12.3,0.435,0.051,26.4,5.8
Ivica Zubac,2024,LAC,1794.0,16.4,0.671,0.0,7.5,19.7
JT Thor,2024,CHO,781.0,11.7,0.519,0.443,5.1,10.5
Jabari Smith Jr.,2024,HOU,2424.0,17.6,0.571,0.456,7.1,13.6
Jabari Walker,2024,POR,1700.0,16.3,0.546,0.273,6.2,16.7
Jacob Gilyard,2024,TOT,699.0,11.1,0.573,0.84,27.7,3.6
Jaden Hardy,2024,DAL,989.0,24.9,0.517,0.468,15.7,7.2
Jaden Ivey,2024,DET,2217.0,24.9,0.536,0.379,20.2,6.6
Jaden McDaniels,2024,MIN,2105.0,15.7,0.571,0.406,6.8,6.0
Jaden Springer,2024,TOT,507.0,17.1,0.49,0.324,11.5,8.4
Jae Crowder,2024,MIL,1156.0,11.5,0.546,0.615,7.2,7.6
Jae'Sean Tate,2024,HOU,1031.0,11.7,0.538,0.336,8.2,10.2
Jaime Jaquez Jr.,2024,MIA,2113.0,18.7,0.574,0.29,13.9,7.6
Jake LaRavia,2024,MEM,806.0,21.1,0.54,0.515,11.1,8.7
Jakob Poeltl,2024,TOR,1319.0,16.2,0.653,0.0,14.0,17.9
Jalen Brunson,2024,NYK,2726.0,32.5,0.592,0.319,33.5,5.7
Jalen Duren,2024,DET,1777.0,18.5,0.653,0.007,12.7,22.2
Jalen Green,2024,HOU,2601.0,27.4,0.541,0.454,17.3,8.7
Jalen Johnson,2024,ATL,1889.0,19.1,0.584,0.285,15.4,14.1
Jalen McDaniels,2024,TOR,538.0,18.7,0.412,0.376,9.1,8.1
Jalen Smith,2024,IND,1047.0,19.4,0.682,0.365,8.0,18.2
Jalen Suggs,2024,ORL,2025.0,19.7,0.602,0.539,15.0,6.6
Jalen Williams,2024,OKC,2223.0,23.7,0.621,0.243,21.3,7.1
Jalen Wilson,2024,BRK,664.0,14.3,0.537,0.413,9.3,10.8
Jamal Murray,2024,DEN,1861.0,27.9,0.586,0.346,31.2,7.2
James Harden,2024,LAC,2470.0,20.6,0.612,0.594,33.6,8.4
James Wiseman,2024,DET,1091.0,16.3,0.637,0.007,7.3,17.2
Jared Butler,2024,WAS,566.0,19.9,0.579,0.388,30.9,5.5
Jaren Jackson Jr.,2024,MEM,2124.0,30.4,0.552,0.315,13.1,9.4
Jarred Vanderbilt,2024,LAL,581.0,11.7,0.578,0.237,7.7,13.2
Jarrett Allen,2024,CLE,2442.0,19.4,0.664,0.007,13.2,18.7
Jaxson Hayes,2024,LAL,877.0,12.5,0.718,0.046,5.0,13.4
Jaylen Brown,2024,BOS,2343.0,28.9,0.58,0.326,16.6,8.9
Jaylin Williams,2024,OKC,897.0,13.5,0.561,0.632,15.0,14.5
Jayson Tatum,2024,BOS,2645.0,30.2,0.604,0.427,21.0,12.3
Jeff Green,2024,HOU,1307.0,15.5,0.59,0.437,7.3,7.3
Jerami Grant,2024,POR,1830.0,25.7,0.573,0.325,13.8,5.8
Jeremy Sochan,2024,SAS,2193.0,18.8,0.513,0.293,16.0,11.7
Jericho Sims,2024,NYK,585.0,6.0,0.702,0.0,5.4,14.1
Jevon Carter,2024,CHI,1004.0,17.7,0.485,0.641,12.9,3.3
Jimmy Butler,2024,MIA,2042.0,24.0,0.626,0.183,23.1,8.8
Jock Landale,2024,HOU,763.0,14.8,0.584,0.194,11.8,12.1
Joe Ingles,2024,ORL,1169.0,11.6,0.612,0.709,23.0,7.1
Joel Embiid,2024,PHI,1309.0,39.6,0.644,0.163,32.4,18.1
John Collins,2024,UTA,1901.0,20.4,0.621,0.311,6.1,16.7
John Konchar,2024,MEM,1173.0,9.7,0.537,0.577,13.0,12.0
Johnny Davis,2024,WAS,613.0,12.2,0.462,0.26,6.6,6.3
Jonas Valančiūnas,2024,NOP,1925.0,20.8,0.619,0.167,13.3,20.9
Jonathan Isaac,2024,ORL,914.0,16.7,0.61,0.392,4.8,16.7
Jonathan Kuminga,2024,GSW,1949.0,24.1,0.598,0.191,12.5,9.8
Jordan Clarkson,2024,UTA,1682.0,26.1,0.521,0.379,24.6,6.2
Jordan Goodwin,2024,TOT,1055.0,19.0,0.451,0.369,20.9,13.3
Jordan Hawkins,2024,NOP,1160.0,19.9,0.533,0.654,8.2,7.1
Jordan McLaughlin,2024,MIN,626.0,12.1,0.638,0.614,23.7,6.5
Jordan Nwora,2024,TOT,712.0,22.4,0.565,0.438,12.3,11.6
Jordan Poole,2024,WAS,2346.0,26.4,0.529,0.476,21.4,4.8
Jose Alvarado,2024,NOP,1028.0,17.3,0.54,0.6,15.3,6.9
Josh Giddey,2024,OKC,2011.0,23.1,0.547,0.287,26.6,14.2
Josh Green,2024,DAL,1505.0,13.1,0.588,0.5,11.1,6.7
Josh Hart,2024,NYK,2707.0,13.5,0.522,0.38,16.3,14.0
Josh Okogie,2024,PHO,960.0,13.0,0.552,0.456,8.4,9.1
Josh Richardson,2024,MIA,1103.0,16.5,0.573,0.548,13.9,6.2
Jrue Holiday,2024,BOS,2263.0,16.3,0.597,0.467,19.3,8.9
Julian Champagnie,2024,SAS,1468.0,14.4,0.57,0.689,9.3,7.6
Julian Strawther,2024,DEN,545.0,20.7,0.482,0.622,11.3,6.2
Julius Randle,2024,NYK,1630.0,29.9,0.569,0.292,22.8,14.6
Justin Holiday,2024,DEN,862.0,10.6,0.598,0.701,9.5,4.6
Jusuf Nurkić,2024,PHO,2078.0,19.1,0.559,0.144,19.9,22.8
KJ Martin,2024,TOT,746.0,13.4,0.563,0.155,9.4,9.7
Karl-Anthony Towns,2024,MIN,2026.0,27.4,0.625,0.344,15.1,14.4
Kawhi Leonard,2024,LAC,2330.0,26.5,0.626,0.289,16.9,10.1
Keegan Murray,2024,SAC,2588.0,18.1,0.569,0.524,6.9,9.1
Keita Bates-Diop,2024,TOT,665.0,13.0,0.534,0.416,7.4,9.3
Keldon Johnson,2024,SAS,2038.0,21.9,0.565,0.426,14.2,10.0
Kelly Olynyk,2024,TOT,1759.0,17.5,0.661,0.312,27.6,12.9
Kelly Oubre Jr.,2024,PHI,2055.0,22.4,0.535,0.37,7.3,9.2
Kenrich Williams,2024,OKC,1029.0,13.4,0.568,0.504,11.4,11.3
Kentavious Caldwell-Pope,2024,DEN,2402.0,12.9,0.602,0.525,9.5,4.2
Keon Ellis,2024,SAC,978.0,12.4,0.627,0.724,11.1,7.1
Kevin Durant,2024,PHO,2791.0,29.0,0.626,0.283,22.2,10.0
Kevin Huerter,2024,SAC,1562.0,17.3,0.564,0.609,14.4,8.0
Kevin Knox,2024,DET,560.0,16.6,0.57,0.505,5.9,7.5
Kevin Love,2024,MIA,924.0,21.9,0.597,0.68,19.0,20.7
Kevon Looney,2024,GSW,1194.0,11.3,0.62,0.004,14.2,18.9
Keyonte George,2024,UTA,2023.0,22.8,0.533,0.54,23.1,5.7
Khris Middleton,2024,MIL,1487.0,23.9,0.595,0.384,28.9,9.5
Killian Hayes,2024,DET,1008.0,15.1,0.474,0.261,27.8,6.6
Klay Thompson,2024,GSW,2284.0,24.2,0.576,0.611,11.2,6.0
Kris Dunn,2024,UTA,1249.0,13.6,0.546,0.355,27.1,8.3
Kris Murray,2024,POR,1348.0,14.1,0.481,0.5,8.4,9.3
Kristaps Porziņģis,2024,BOS,1690.0,25.1,0.647,0.39,10.0,13.1
Kyle Anderson,2024,MIN,1782.0,14.5,0.513,0.111,25.0,8.7
Kyle Kuzma,2024,WAS,2281.0,29.7,0.547,0.343,20.7,10.9
Kyle Lowry,2024,TOT,1690.0,12.9,0.594,0.663,20.1,6.4
Kyrie Irving,2024,DAL,2030.0,28.1,0.608,0.372,23.8,7.8
LaMelo Ball,2024,CHO,711.0,34.3,0.561,0.466,43.1,8.9
Lamar Stevens,2024,TOT,559.0,22.2,0.516,0.192,7.9,12.4
Landry Shamet,2024,WAS,726.0,18.8,0.556,0.573,10.2,4.6
Larry Nance Jr.,2024,NOP,1216.0,11.3,0.653,0.27,12.1,14.1
Lauri Markkanen,2024,UTA,1820.0,25.0,0.631,0.493,9.5,13.6
LeBron James,2024,LAL,2504.0,29.2,0.63,0.286,37.5,11.5
Lonnie Walker IV,2024,BRK,1011.0,24.4,0.545,0.551,11.5,6.9
Luguentz Dort,2024,OKC,2246.0,15.4,0.593,0.603,6.3,7.0
Luka Dončić,2024,DAL,2624.0,36.0,0.617,0.45,44.3,13.5
Luke Kennard,2024,MEM,999.0,16.7,0.641,0.756,20.8,6.2
Luke Kornet,2024,BOS,983.0,11.0,0.736,0.005,8.9,14.3
Malachi Flynn,2024,TOT,876.0,20.4,0.533,0.52,21.1,7.2
Malaki Branham,2024,SAS,1594.0,19.8,0.526,0.427,14.0,5.0
Malcolm Brogdon,2024,POR,1121.0,23.0,0.56,0.401,30.9,7.4
Malik Beasley,2024,MIL,2337.0,14.6,0.603,0.751,6.1,6.8
Malik Monk,2024,SAC,1872.0,25.9,0.564,0.474,28.9,6.3
MarJon Beauchamp,2024,MIL,608.0,14.6,0.592,0.452,6.7,8.9
Marcus Morris,2024,TOT,817.0,16.6,0.558,0.451,6.1,9.1
Marcus Sasser,2024,DET,1351.0,19.9,0.542,0.469,25.4,5.2
Marcus Smart,2024,MEM,605.0,22.9,0.552,0.565,22.7,4.8
Mark Williams,2024,CHO,508.0,17.1,0.675,0.0,6.8,20.4
Markelle Fultz,2024,ORL,910.0,18.8,0.492,0.055,19.7,8.9
Marvin Bagley III,2024,TOT,1053.0,21.0,0.629,0.056,8.1,16.1
Mason Plumlee,2024,LAC,674.0,15.1,0.621,0.039,10.8,19.6
Matisse Thybulle,2024,POR,1487.0,10.6,0.537,0.729,8.3,5.1
Max Christie,2024,LAL,944.0,13.6,0.544,0.49,8.0,8.4
Max Strus,2024,CLE,2239.0,17.4,0.553,0.658,17.3,8.5
Maxi Kleber,2024,DAL,871.0,9.6,0.573,0.63,9.5,9.0
Michael Porter Jr.,2024,DEN,2565.0,20.7,0.601,0.513,6.7,12.2
Mikal Bridges,2024,BRK,2854.0,24.3,0.56,0.457,16.3,7.1
Mike Conley,2024,MIN,2193.0,16.0,0.627,0.629,28.4,5.6
Mike Muscala,2024,TOT,600.0,13.4,0.47,0.615,7.6,11.3
Miles Bridges,2024,CHO,2581.0,24.7,0.556,0.372,14.6,11.0
Miles McBride,2024,NYK,1328.0,16.4,0.59,0.586,12.2,4.2
Mitchell Robinson,2024,NYK,768.0,10.2,0.554,0.0,3.1,19.2
Mo Bamba,2024,PHI,740.0,15.1,0.575,0.323,7.6,17.8
Moritz Wagner,2024,ORL,1415.0,22.8,0.676,0.208,11.2,14.4
Moses Moody,2024,GSW,1156.0,18.4,0.578,0.476,6.7,9.2
Myles Turner,2024,IND,2076.0,23.4,0.626,0.356,6.4,14.5
Naji Marshall,2024,NOP,1257.0,16.3,0.576,0.409,13.6,10.6
Naz Reid,2024,MIN,1964.0,23.1,0.595,0.479,8.3,12.2
Nic Claxton,2024,BRK,2116.0,15.6,0.629,0.009,10.4,18.2
Nick Richards,2024,CHO,1759.0,13.3,0.717,0.003,4.5,17.2
Nick Smith Jr.,2024,CHO,729.0,20.3,0.511,0.505,12.0,5.5
Nickeil Alexander-Walker,2024,MIN,1921.0,14.8,0.578,0.623,14.5,4.9
Nicolas Batum,2024,TOT,1529.0,8.6,0.603,0.723,10.7,9.0
Nikola Jokić,2024,DEN,2737.0,29.3,0.65,0.164,42.0,19.8
Nikola Jović,2024,MIA,896.0,17.1,0.583,0.58,14.7,12.1
Nikola Vučević,2024,CHI,2610.0,23.3,0.54,0.258,15.2,17.1
Norman Powell,2024,LAC,1990.0,20.0,0.626,0.5,5.9,5.5
OG Anunoby,2024,TOT,1702.0,17.6,0.595,0.463,9.0,6.8
Obi Toppin,2024,IND,1730.0,16.8,0.677,0.437,9.4,10.5
Ochai Agbaji,2024,TOT,1641.0,13.4,0.497,0.487,6.6,7.2
Omer Yurtseven,2024,UTA,545.0,17.9,0.565,0.13,7.7,21.0
Onyeka Okongwu,2024,ATL,1405.0,13.7,0.674,0.189,7.2,14.6
Oshae Brissett,2024,BOS,630.0,14.5,0.53,0.359,8.7,13.7
P.J. Washington,2024,TOT,2221.0,19.1,0.537,0.509,9.3,10.3
Paolo Banchero,2024,ORL,2799.0,29.7,0.546,0.249,25.2,11.6
Pascal Siakam,2024,TOT,2657.0,25.3,0.601,0.194,19.4,11.9
Pat Connaughton,2024,MIL,1676.0,10.9,0.574,0.686,12.0,7.8
Patrick Beverley,2024,TOT,1462.0,14.3,0.539,0.478,19.0,9.0
Patrick Williams,2024,CHI,1174.0,16.6,0.553,0.412,7.7,7.9
Paul George,2024,LAC,2502.0,26.6,0.613,0.476,16.1,8.8
Paul Reed,2024,PHI,1590.0,15.9,0.58,0.119,9.8,16.9
Payton Pritchard,2024,BOS,1825.0,17.2,0.597,0.602,20.7,7.8
Peyton Watson,2024,DEN,1488.0,16.2,0.539,0.34,7.4,9.6
Precious Achiuwa,2024,TOT,1624.0,15.9,0.545,0.207,8.4,16.7
Quentin Grimes,2024,TOT,1025.0,15.8,0.516,0.732,8.7,5.5
RJ Barrett,2024,TOT,1838.0,26.5,0.58,0.284,16.7,9.5
Rayan Rupert,2024,POR,633.0,13.6,0.451,0.484,13.5,8.1
Reggie Jackson,2024,DEN,1817.0,21.7,0.521,0.376,23.0,4.7
Richaun Holmes,2024,TOT,555.0,14.7,0.593,0.02,6.0,17.7
Royce O'Neale,2024,TOT,1954.0,13.9,0.548,0.783,15.0,10.7
Rudy Gobert,2024,MIN,2593.0,15.4,0.675,0.005,5.6,21.5
Rui Hachimura,2024,LAL,1826.0,18.5,0.628,0.343,6.3,8.9
Russell Westbrook,2024,LAC,1529.0,25.2,0.514,0.232,29.2,12.7
Saddiq Bey,2024,ATL,2062.0,17.0,0.549,0.514,6.0,10.9
Sam Hauser,2024,BOS,1741.0,15.0,0.629,0.833,6.2,8.6
Sam Merrill,2024,CLE,1069.0,17.5,0.598,0.901,14.1,6.3
Santi Aldama,2024,MEM,1618.0,17.9,0.539,0.535,13.3,11.9
Sasha Vezenkov,2024,SAC,511.0,17.5,0.569,0.628,5.1,10.5
Scoot Henderson,2024,POR,1765.0,26.5,0.489,0.336,29.9,6.2
Scottie Barnes,2024,TOR,2094.0,24.8,0.566,0.314,26.2,13.0
Scotty Pippen Jr.,2024,MEM,527.0,23.0,0.596,0.355,30.7,7.0
Seth Curry,2024,TOT,616.0,16.8,0.519,0.529,9.7,6.1
Shaedon Sharpe,2024,POR,1059.0,22.4,0.524,0.415,13.8,8.5
Shai Gilgeous-Alexander,2024,OKC,2553.0,32.8,0.636,0.181,29.8,9.1
Shake Milton,2024,TOT,581.0,18.7,0.499,0.328,14.4,7.3
Simone Fontecchio,2024,TOT,1644.0,16.5,0.6,0.609,8.7,8.3
Spencer Dinwiddie,2024,TOT,2152.0,16.6,0.543,0.575,22.7,5.2
Stephen Curry,2024,GSW,2421.0,31.3,0.616,0.606,24.7,7.4
T.J. McConnell,2024,IND,1291.0,23.7,0.586,0.074,41.8,8.4
Talen Horton-Tucker,2024,UTA,1009.0,24.0,0.503,0.391,25.5,6.6
Taurean Prince,2024,LAL,2108.0,13.8,0.579,0.622,7.2,6.1
Taylor Hendricks,2024,UTA,856.0,13.7,0.578,0.583,5.0,11.9
Terance Mann,2024,LAC,1873.0,13.6,0.615,0.414,8.5,7.7
Terry Rozier,2024,TOT,2040.0,25.9,0.555,0.411,27.5,6.8
Tim Hardaway Jr.,2024,DAL,2120.0,22.6,0.542,0.612,9.2,6.5
Tobias Harris,2024,PHI,2368.0,20.7,0.576,0.271,13.8,10.6
Torrey Craig,2024,CHI,1049.0,12.5,0.568,0.61,7.3,11.6
Toumani Camara,2024,POR,1739.0,13.8,0.547,0.393,7.2,11.0
Trae Young,2024,ATL,1942.0,30.5,0.585,0.465,45.1,4.2
Trayce Jackson-Davis,2024,GSW,1130.0,16.4,0.692,0.003,10.4,16.3
Tre Jones,2024,SAS,2138.0,15.2,0.591,0.318,30.8,7.3
Tre Mann,2024,TOT,987.0,18.2,0.559,0.399,24.1,8.5
Trendon Watford,2024,BRK,856.0,21.1,0.611,0.219,14.6,12.4
Trey Jemison,2024,TOT,573.0,13.5,0.582,0.0,7.1,12.8
Trey Lyles,2024,SAC,1158.0,14.4,0.596,0.682,8.1,12.4
Trey Murphy III,2024,NOP,1690.0,18.6,0.612,0.717,10.2,9.2
Tristan Thompson,2024,CLE,549.0,13.8,0.563,0.008,12.7,17.8
Troy Brown Jr.,2024,TOT,827.0,14.3,0.51,0.624,9.7,9.8
Tyler Herro,2024,MIA,1407.0,27.8,0.558,0.453,22.4,8.9
Tyrese Haliburton,2024,IND,2224.0,24.6,0.605,0.51,44.9,6.9
Tyrese Maxey,2024,PHI,2626.0,28.0,0.573,0.401,26.7,5.4
Tyus Jones,2024,WAS,1933.0,16.3,0.578,0.384,34.6,5.0
Vasilije Micić,2024,TOT,1176.0,18.8,0.524,0.416,31.1,4.2
Victor Wembanyama,2024,SAS,2106.0,32.2,0.565,0.332,21.5,19.4
Vince Williams Jr.,2024,MEM,1436.0,15.8,0.597,0.551,18.0,11.0
Vit Krejci,2024,ATL,541.0,9.8,0.633,0.654,11.6,5.2
Walker Kessler,2024,UTA,1493.0,12.8,0.663,0.054,5.6,17.7
Wendell Carter Jr.,2024,ORL,1406.0,17.2,0.623,0.402,9.9,15.9
Xavier Tillman Sr.,2024,TOT,974.0,14.8,0.472,0.29,11.3,11.8
Zach Collins,2024,SAS,1526.0,22.7,0.565,0.294,18.9,13.1
Zach LaVine,2024,CHI,872.0,23.8,0.578,0.449,16.8,8.3
Zeke Nnaji,2024,DEN,576.0,15.4,0.528,0.154,7.0,12.1
Ziaire Williams,2024,MEM,1038.0,19.7,0.511,0.5,11.1,9.5
Zion Williamson,2024,NOP,2207.0,29.7,0.61,0.016,26.5,10.2
AJ Griffin,2023,ATL,1401.0,17.9,0.577,0.486,7.0,6.0
Aaron Gordon,2023,DEN,2055.0,21.1,0.617,0.227,14.2,12.5
Aaron Holiday,2023,ATL,845.0,13.4,0.528,0.4,13.0,4.8
Aaron Nesmith,2023,IND,1816.0,16.8,0.566,0.532,7.4,8.5
Aaron Wiggins,2023,OKC,1297.0,14.5,0.607,0.336,8.3,8.7
Al Horford,2023,BOS,1922.0,11.9,0.631,0.678,13.2,11.1
Alec Burks,2023,DET,1122.0,22.8,0.602,0.521,15.9,7.8
Aleksej Pokusevski,2023,OKC,701.0,18.3,0.522,0.418,12.4,12.2
Alex Caruso,2023,CHI,1575.0,11.1,0.588,0.528,15.4,7.1
Alperen Şengün,2023,HOU,2171.0,21.4,0.599,0.071,21.0,17.1
Amir Coffey,2023,LAC,625.0,13.5,0.498,0.276,11.2,4.7
Andre Drummond,2023,CHI,849.0,21.0,0.606,0.011,5.7,29.6
Andrew Nembhard,2023,IND,2073.0,16.1,0.528,0.408,22.4,5.3
Andrew Wiggins,2023,GSW,1190.0,21.5,0.564,0.425,10.5,8.6
Anfernee Simons,2023,POR,2171.0,25.1,0.581,0.538,18.6,4.3
Anthony Davis,2023,LAL,1904.0,28.4,0.627,0.077,13.0,19.7
Anthony Edwards,2023,MIN,2842.0,29.9,0.564,0.375,19.3,9.0
Anthony Gill,2023,WAS,624.0,12.3,0.604,0.22,7.2,8.8
Anthony Lamb,2023,GSW,1195.0,13.8,0.61,0.634,10.5,9.9
Austin Reaves,2023,LAL,1843.0,16.2,0.687,0.441,15.7,5.6
Austin Rivers,2023,MIN,1016.0,10.5,0.564,0.589,9.3,4.6
Ayo Dosunmu,2023,CHI,2098.0,14.9,0.567,0.332,13.2,5.9
Bam Adebayo,2023,MIA,2598.0,25.2,0.592,0.011,15.9,15.5
Ben Simmons,2023,BRK,1105.0,14.3,0.559,0.009,31.3,13.4
Bennedict Mathurin,2023,IND,2222.0,24.6,0.566,0.326,7.6,7.9
Bismack Biyombo,2023,PHO,874.0,14.0,0.555,0.0,8.7,16.5
Blake Griffin,2023,BOS,569.0,12.7,0.59,0.508,14.2,14.9
Blake Wesley,2023,SAS,669.0,18.5,0.393,0.242,18.8,6.6
Bobby Portis,2023,MIL,1818.0,21.7,0.575,0.32,8.7,19.3
Bogdan Bogdanović,2023,ATL,1508.0,19.8,0.586,0.589,13.4,6.0
Bojan Bogdanović,2023,DET,1893.0,25.9,0.627,0.4,13.6,6.5
Bol Bol,2023,ORL,1505.0,18.2,0.603,0.236,6.9,15.2
Bones Hyland,2023,TOT,1085.0,28.0,0.535,0.552,23.4,7.1
Bradley Beal,2023,WAS,1673.0,29.2,0.593,0.249,26.6,6.5
Brandon Clarke,2023,MEM,1090.0,17.7,0.682,0.017,9.5,15.1
Brandon Ingram,2023,NOP,1538.0,30.8,0.582,0.196,28.1,9.1
Brook Lopez,2023,MIL,2373.0,19.3,0.63,0.405,6.1,11.4
Bruce Brown,2023,DEN,2280.0,17.8,0.571,0.343,15.7,8.3
Bryce McGowens,2023,CHO,787.0,15.0,0.519,0.396,9.1,6.3
Buddy Hield,2023,IND,2482.0,20.8,0.614,0.652,13.3,8.9
CJ McCollum,2023,NOP,2649.0,26.4,0.541,0.404,25.1,7.0
Caleb Houstan,2023,ORL,812.0,11.0,0.508,0.747,4.9,6.9
Caleb Martin,2023,MIA,2077.0,14.4,0.571,0.431,8.2,9.7
Cam Reddish,2023,TOT,990.0,17.1,0.561,0.462,8.1,5.0
Cam Thomas,2023,BRK,948.0,27.8,0.567,0.292,12.7,5.6
Cameron Johnson,2023,TOT,1199.0,20.6,0.617,0.538,9.6,8.6
Cameron Payne,2023,PHO,968.0,24.8,0.512,0.408,32.6,6.1
Caris LeVert,2023,CLE,2237.0,18.7,0.546,0.437,18.0,7.4
Cedi Osman,2023,CLE,1548.0,18.2,0.579,0.589,10.6,6.7
Charles Bassey,2023,SAS,508.0,15.6,0.658,0.059,12.9,20.7
Chimezie Metu,2023,SAC,689.0,17.6,0.639,0.174,8.1,16.4
Chris Boucher,2023,TOR,1523.0,18.0,0.59,0.357,2.7,15.7
Chris Duarte,2023,IND,897.0,19.0,0.496,0.523,9.7,7.1
Chris Paul,2023,PHO,1889.0,19.2,0.555,0.391,38.7,7.4
Christian Braun,2023,DEN,1181.0,13.0,0.568,0.332,6.4,8.8
Christian Koloko,2023,TOR,802.0,10.4,0.517,0.08,5.0,12.1
Christian Wood,2023,DAL,1738.0,26.4,0.624,0.363,11.7,16.4
Chuma Okeke,2023,ORL,518.0,12.3,0.488,0.705,9.4,10.5
Clint Capela,2023,ATL,1730.0,15.7,0.656,0.002,4.7,22.7
Coby White,2023,CHI,1730.0,17.9,0.572,0.579,16.3,6.9
Cole Anthony,2023,ORL,1552.0,21.5,0.57,0.338,22.9,10.5
Collin Sexton,2023,UTA,1145.0,23.4,0.616,0.261,17.9,5.0
Corey Kispert,2023,WAS,2093.0,14.1,0.657,0.656,5.7,5.5
Cory Joseph,2023,DET,1227.0,15.2,0.558,0.513,25.4,4.8
D'Angelo Russell,2023,TOT,2304.0,22.7,0.605,0.517,27.4,5.2
Daishen Nix,2023,HOU,914.0,15.4,0.447,0.591,19.2,5.9
Damian Lillard,2023,POR,2107.0,33.8,0.645,0.547,35.0,7.6
Damion Lee,2023,PHO,1506.0,16.3,0.607,0.546,8.9,8.3
Daniel Gafford,2023,WAS,1604.0,15.2,0.739,0.0,7.5,15.0
Danuel House Jr.,2023,PHI,807.0,13.8,0.6,0.558,7.5,6.9
Dario Šarić,2023,TOT,806.0,19.2,0.583,0.415,12.7,14.1
Darius Bazley,2023,TOT,616.0,16.4,0.524,0.29,8.3,12.1
Darius Garland,2023,CLE,2447.0,26.9,0.587,0.365,34.1,4.5
David Roddy,2023,MEM,1258.0,16.7,0.519,0.505,6.1,8.1
Davion Mitchell,2023,SAC,1447.0,14.1,0.545,0.494,16.5,4.1
Day'Ron Sharpe,2023,BRK,552.0,19.0,0.581,0.064,9.7,20.4
De'Aaron Fox,2023,SAC,2435.0,30.1,0.599,0.276,29.6,7.2
De'Andre Hunter,2023,ATL,2126.0,19.7,0.563,0.348,6.0,7.3
De'Anthony Melton,2023,PHI,2150.0,16.4,0.566,0.619,12.9,8.6
DeAndre Jordan,2023,DEN,586.0,13.7,0.731,0.009,7.7,19.8
DeMar DeRozan,2023,CHI,2682.0,27.8,0.592,0.109,22.3,7.2
Dean Wade,2023,CLE,891.0,10.2,0.55,0.718,5.4,9.9
Deandre Ayton,2023,PHO,2035.0,22.9,0.617,0.027,9.2,18.1
Dejounte Murray,2023,ATL,2693.0,24.4,0.54,0.293,24.0,7.9
Delon Wright,2023,WAS,1221.0,12.9,0.581,0.409,20.9,8.2
Deni Avdija,2023,WAS,2020.0,16.7,0.535,0.401,13.9,13.4
Dennis Schröder,2023,LAL,1986.0,18.6,0.545,0.346,20.1,4.4
Dennis Smith Jr.,2023,CHO,1390.0,17.6,0.475,0.246,26.1,6.4
Derrick Jones Jr.,2023,CHI,893.0,14.5,0.597,0.348,5.1,9.7
Derrick White,2023,BOS,2319.0,17.7,0.604,0.516,19.4,6.9
Desmond Bane,2023,MEM,1841.0,26.1,0.606,0.433,20.8,8.4
Devin Booker,2023,PHO,1835.0,31.8,0.601,0.296,27.3,7.2
Devin Vassell,2023,SAS,1178.0,24.4,0.55,0.447,17.3,6.9
Devonte' Graham,2023,TOT,1338.0,17.1,0.552,0.784,19.4,5.1
Dillon Brooks,2023,MEM,2214.0,21.8,0.494,0.443,11.7,5.8
Domantas Sabonis,2023,SAC,2736.0,21.3,0.668,0.088,30.4,20.3
Donovan Mitchell,2023,CLE,2432.0,32.1,0.614,0.453,21.4,7.0
Donte DiVincenzo,2023,GSW,1894.0,15.1,0.593,0.7,17.3,9.4
Dorian Finney-Smith,2023,TOT,2009.0,13.2,0.523,0.675,6.7,9.0
Doug McDermott,2023,SAS,1314.0,19.2,0.59,0.57,9.8,5.8
Draymond Green,2023,GSW,2297.0,13.2,0.592,0.276,27.8,12.6
Drew Eubanks,2023,POR,1584.0,12.5,0.666,0.054,9.2,15.2
Duncan Robinson,2023,MIA,691.0,17.9,0.534,0.81,9.7,5.9
Dwight Powell,2023,DAL,1458.0,12.6,0.738,0.019,6.9,12.5
Dyson Daniels,2023,NOP,1042.0,11.6,0.503,0.413,16.4,10.2
Edmond Sumner,2023,BRK,736.0,22.1,0.597,0.323,13.3,6.0
Eric Gordon,2023,TOT,1965.0,17.8,0.587,0.545,13.4,3.8
Eugene Omoruyi,2023,TOT,645.0,19.3,0.533,0.39,6.3,9.4
Evan Mobley,2023,CLE,2715.0,20.2,0.591,0.108,12.4,15.4
Frank Ntilikina,2023,DAL,607.0,13.1,0.461,0.508,12.8,5.9
Franz Wagner,2023,ORL,2609.0,23.5,0.589,0.322,17.2,7.1
Fred VanVleet,2023,TOR,2535.0,23.2,0.54,0.545,28.1,6.3
Gabe Vincent,2023,MIA,1759.0,17.5,0.533,0.617,13.9,4.8
Garrison Mathews,2023,TOT,686.0,14.7,0.573,0.896,5.1,5.8
Gary Harris,2023,ORL,1184.0,12.6,0.62,0.71,6.9,4.7
Gary Trent Jr.,2023,TOR,2118.0,21.7,0.56,0.481,7.4,4.6
George Hill,2023,TOT,834.0,11.3,0.61,0.572,16.7,5.4
Georges Niang,2023,PHI,1512.0,17.0,0.61,0.765,7.3,7.2
Giannis Antetokounmpo,2023,MIL,2024.0,38.8,0.605,0.134,33.2,19.1
Goran Dragić,2023,TOT,870.0,21.1,0.514,0.433,24.3,5.2
Gordon Hayward,2023,CHO,1577.0,20.0,0.563,0.275,19.3,7.3
Grant Williams,2023,BOS,2045.0,13.1,0.605,0.611,8.4,9.7
Grayson Allen,2023,MIL,1972.0,14.6,0.612,0.657,10.9,6.3
Hamidou Diallo,2023,DET,996.0,21.8,0.593,0.056,9.2,10.8
Harrison Barnes,2023,SAC,2662.0,17.1,0.632,0.446,6.3,7.9
Haywood Highsmith,2023,MIA,969.0,12.5,0.517,0.505,6.2,11.4
Herbert Jones,2023,NOP,1951.0,14.5,0.567,0.333,11.1,7.8
Immanuel Quickley,2023,NYK,2344.0,20.9,0.578,0.485,17.4,7.9
Isaac Okoro,2023,CLE,1652.0,11.9,0.614,0.483,7.0,6.7
Isaiah Hartenstein,2023,NYK,1626.0,11.2,0.567,0.113,8.3,18.1
Isaiah Jackson,2023,IND,1042.0,17.4,0.595,0.044,7.0,15.0
Isaiah Joe,2023,OKC,1395.0,17.7,0.626,0.776,8.7,6.7
Isaiah Livers,2023,DET,1199.0,11.9,0.567,0.705,4.8,6.6
Isaiah Stewart,2023,DET,1414.0,17.3,0.56,0.465,7.3,15.8
Ish Wainright,2023,PHO,915.0,12.2,0.522,0.762,7.4,8.4
Ivica Zubac,2023,LAC,2170.0,14.8,0.661,0.004,5.1,19.5
JT Thor,2023,CHO,969.0,13.1,0.506,0.517,4.9,8.4
Ja Morant,2023,MEM,1948.0,34.9,0.557,0.247,41.1,9.7
JaMychal Green,2023,GSW,797.0,17.5,0.65,0.44,8.9,14.1
Jabari Smith Jr.,2023,HOU,2451.0,18.4,0.514,0.438,5.9,12.7
Jabari Walker,2023,POR,619.0,17.3,0.496,0.283,7.8,12.2
Jaden Hardy,2023,DAL,708.0,26.4,0.571,0.468,14.9,7.3
Jaden Ivey,2023,DET,2304.0,25.4,0.528,0.356,26.2,6.9
Jaden McDaniels,2023,MIN,2416.0,15.8,0.611,0.376,8.4,7.1
Jae'Sean Tate,2023,HOU,677.0,18.8,0.546,0.201,18.2,9.6
Jakob Poeltl,2023,TOT,1906.0,18.2,0.635,0.002,15.2,19.0
Jalen Brunson,2023,NYK,2379.0,27.2,0.597,0.269,28.7,5.6
Jalen Duren,2023,DET,1670.0,14.3,0.655,0.005,6.8,19.7
Jalen Green,2023,HOU,2602.0,28.1,0.539,0.408,17.3,6.0
Jalen Johnson,2023,ATL,1042.0,16.0,0.554,0.323,10.4,14.8
Jalen McDaniels,2023,TOT,1913.0,17.2,0.557,0.376,9.6,9.9
Jalen Smith,2023,IND,1279.0,21.0,0.565,0.376,7.6,17.1
Jalen Suggs,2023,ORL,1246.0,20.3,0.528,0.455,18.0,7.3
Jalen Williams,2023,OKC,2276.0,18.4,0.601,0.258,15.4,7.9
Jamal Murray,2023,DEN,2133.0,26.1,0.571,0.415,27.5,6.9
James Bouknight,2023,CHO,515.0,19.5,0.463,0.565,11.1,7.5
James Harden,2023,PHI,2135.0,25.0,0.607,0.496,43.3,9.8
James Wiseman,2023,TOT,867.0,21.2,0.589,0.059,5.5,17.0
Jaren Jackson Jr.,2023,MEM,1787.0,24.7,0.613,0.343,5.0,12.6
Jarred Vanderbilt,2023,TOT,1879.0,13.6,0.604,0.2,13.1,16.7
Jarrett Allen,2023,CLE,2220.0,16.4,0.67,0.016,7.5,17.7
Jaxson Hayes,2023,NOP,610.0,15.7,0.605,0.186,7.7,12.3
Jaylen Brown,2023,BOS,2405.0,31.4,0.581,0.352,16.5,10.4
Jaylen Nowell,2023,MIN,1252.0,25.0,0.527,0.371,15.9,7.6
Jaylin Williams,2023,OKC,914.0,13.5,0.559,0.483,10.7,14.1
Jayson Tatum,2023,BOS,2732.0,32.7,0.607,0.44,20.9,13.0
Jeff Green,2023,DEN,1091.0,17.0,0.576,0.317,8.3,7.6
Jerami Grant,2023,POR,2246.0,22.8,0.606,0.393,10.3,7.2
Jeremiah Robinson-Earl,2023,OKC,814.0,14.6,0.548,0.448,7.0,11.9
Jeremy Sochan,2023,SAS,1458.0,19.8,0.509,0.243,13.6,11.0
Jericho Sims,2023,NYK,812.0,7.4,0.78,0.009,4.0,16.4
Jevon Carter,2023,MIL,1810.0,15.3,0.56,0.596,14.5,5.8
Jimmy Butler,2023,MIA,2138.0,25.6,0.647,0.116,27.1,10.3
Jock Landale,2023,PHO,979.0,19.3,0.595,0.249,10.1,15.8
Joe Harris,2023,BRK,1527.0,14.3,0.621,0.757,9.1,6.0
Joe Ingles,2023,MIL,1044.0,12.6,0.616,0.819,18.4,6.4
Joel Embiid,2023,PHI,2284.0,37.0,0.655,0.151,22.9,17.3
John Collins,2023,ATL,2130.0,17.1,0.593,0.339,5.3,11.9
John Konchar,2023,MEM,1494.0,10.4,0.542,0.553,8.2,11.0
John Wall,2023,LAC,755.0,27.0,0.498,0.322,35.3,6.8
Jonas Valančiūnas,2023,NOP,1968.0,23.4,0.61,0.134,11.1,23.1
Jonathan Kuminga,2023,GSW,1394.0,19.6,0.597,0.294,12.7,9.1
Jordan Clarkson,2023,UTA,1988.0,27.8,0.558,0.445,20.9,6.7
Jordan Goodwin,2023,WAS,1106.0,17.3,0.531,0.334,20.8,10.3
Jordan McLaughlin,2023,MIN,678.0,11.7,0.526,0.538,27.4,5.1
Jordan Nwora,2023,TOT,1188.0,19.4,0.561,0.474,10.5,10.4
Jordan Poole,2023,GSW,2458.0,29.2,0.573,0.498,22.5,5.0
Jose Alvarado,2023,NOP,1310.0,19.8,0.525,0.505,19.9,6.1
Josh Christopher,2023,HOU,786.0,21.9,0.523,0.271,14.3,5.0
Josh Giddey,2023,OKC,2367.0,24.6,0.533,0.209,29.9,13.6
Josh Green,2023,DAL,1539.0,14.6,0.645,0.442,9.7,6.9
Josh Hart,2023,TOT,2454.0,12.6,0.622,0.315,16.1,13.7
Josh Okogie,2023,PHO,1350.0,17.7,0.531,0.476,10.3,10.3
Josh Richardson,2023,TOT,1530.0,18.4,0.555,0.529,15.8,6.3
Jrue Holiday,2023,MIL,2183.0,25.0,0.586,0.402,34.4,8.1
Juan Toscano-Anderson,2023,TOT,700.0,11.3,0.505,0.301,11.8,9.5
Juancho Hernangómez,2023,TOR,614.0,9.4,0.504,0.588,5.2,11.3
Julius Randle,2023,NYK,2737.0,29.5,0.581,0.444,18.5,15.4
Justin Holiday,2023,TOT,706.0,14.1,0.494,0.701,7.5,4.4
Justise Winslow,2023,POR,776.0,14.2,0.466,0.227,17.2,10.7
Jusuf Nurkić,2023,POR,1391.0,22.1,0.589,0.236,16.4,19.5
Kai Jones,2023,CHO,550.0,12.4,0.597,0.158,3.7,11.9
Karl-Anthony Towns,2023,MIN,957.0,25.6,0.618,0.383,22.0,13.8
Kawhi Leonard,2023,LAC,1748.0,27.0,0.623,0.287,19.6,10.8
Keegan Murray,2023,SAC,2382.0,15.8,0.597,0.641,5.5,8.9
Keita Bates-Diop,2023,SAS,1452.0,16.7,0.609,0.305,9.8,9.3
Keldon Johnson,2023,SAS,2063.0,27.9,0.551,0.366,13.7,8.4
Kelly Olynyk,2023,UTA,1942.0,17.8,0.643,0.424,17.6,11.7
Kelly Oubre Jr.,2023,CHO,1548.0,26.5,0.534,0.414,5.6,8.6
Kendrick Nunn,2023,TOT,964.0,23.7,0.53,0.496,13.8,6.2
Kenrich Williams,2023,OKC,1206.0,13.7,0.585,0.387,11.7,11.6
Kentavious Caldwell-Pope,2023,DEN,2381.0,14.1,0.598,0.505,9.8,5.0
Kenyon Martin Jr.,2023,HOU,2292.0,16.4,0.635,0.3,8.1,10.8
Kevin Durant,2023,TOT,1672.0,30.7,0.677,0.267,24.5,10.5
Kevin Huerter,2023,SAC,2203.0,19.9,0.617,0.589,14.1,6.5
Kevin Knox,2023,TOT,952.0,18.4,0.579,0.56,5.2,10.5
Kevin Love,2023,TOT,1240.0,19.2,0.548,0.698,13.2,18.9
Kevin Porter Jr.,2023,HOU,2024.0,24.3,0.565,0.436,25.7,8.5
Kevon Looney,2023,GSW,1958.0,10.6,0.639,0.003,13.8,21.4
Khris Middleton,2023,MIL,801.0,27.4,0.551,0.399,30.7,9.1
Killian Hayes,2023,DET,2154.0,20.5,0.455,0.351,32.3,5.7
Klay Thompson,2023,GSW,2279.0,26.4,0.576,0.584,11.0,6.9
Kris Dunn,2023,UTA,568.0,20.2,0.606,0.167,32.3,9.5
Kristaps Porziņģis,2023,WAS,2120.0,27.4,0.627,0.35,12.9,14.3
Kyle Anderson,2023,MIN,1957.0,14.4,0.583,0.212,22.6,10.5
Kyle Kuzma,2023,WAS,2239.0,27.9,0.544,0.421,16.5,11.5
Kyle Lowry,2023,MIA,1718.0,16.7,0.565,0.639,23.4,7.7
Kyrie Irving,2023,TOT,2241.0,28.9,0.613,0.412,25.4,7.7
LaMelo Ball,2023,CHO,1268.0,30.0,0.541,0.531,38.7,9.7
Lamar Stevens,2023,CLE,1120.0,13.6,0.524,0.33,4.0,10.9
Landry Shamet,2023,PHO,807.0,18.9,0.537,0.663,15.7,4.6
Larry Nance Jr.,2023,NOP,1381.0,11.9,0.649,0.138,11.7,14.5
Lauri Markkanen,2023,UTA,2273.0,26.6,0.64,0.446,8.6,13.6
LeBron James,2023,LAL,1954.0,33.3,0.583,0.309,33.5,12.5
Lindy Waters III,2023,OKC,531.0,15.5,0.573,0.91,7.0,7.6
Lonnie Walker IV,2023,LAL,1297.0,20.2,0.57,0.472,7.0,4.5
Luguentz Dort,2023,OKC,2272.0,19.8,0.513,0.468,9.2,8.1
Luka Dončić,2023,DAL,2391.0,37.6,0.609,0.373,42.3,13.8
Luke Kennard,2023,TOT,1315.0,14.5,0.684,0.704,9.4,6.6
Luke Kornet,2023,BOS,804.0,11.5,0.697,0.076,9.1,13.4
Malachi Flynn,2023,TOR,691.0,17.4,0.479,0.55,13.7,6.2
Malaki Branham,2023,SAS,1550.0,19.1,0.524,0.417,11.4,6.4
Malcolm Brogdon,2023,BOS,1744.0,22.8,0.615,0.406,21.5,8.8
Malik Beasley,2023,TOT,2093.0,21.1,0.531,0.702,8.4,7.3
Malik Monk,2023,SAC,1719.0,25.8,0.587,0.5,25.0,6.7
MarJon Beauchamp,2023,MIL,701.0,18.3,0.513,0.584,6.7,8.5
Marcus Morris,2023,LAC,1825.0,17.6,0.534,0.479,8.9,7.9
Marcus Smart,2023,BOS,1957.0,17.8,0.538,0.568,26.4,5.3
Mark Williams,2023,CHO,828.0,17.0,0.659,0.0,3.3,19.6
Markelle Fultz,2023,ORL,1778.0,21.3,0.564,0.128,29.8,7.4
Marvin Bagley III,2023,DET,990.0,20.4,0.587,0.173,5.9,15.1
Mason Plumlee,2023,TOT,2054.0,15.2,0.689,0.0,17.3,18.4
Matisse Thybulle,2023,TOT,1200.0,10.6,0.552,0.585,5.9,6.8
Max Christie,2023,LAL,512.0,10.4,0.566,0.585,5.1,7.8
Max Strus,2023,MIA,2272.0,17.6,0.557,0.713,11.2,6.7
Maxi Kleber,2023,DAL,930.0,10.3,0.592,0.663,7.5,8.4
Michael Porter Jr.,2023,DEN,1798.0,22.7,0.621,0.556,5.3,10.9
Mikal Bridges,2023,TOT,2963.0,22.6,0.587,0.349,13.7,6.8
Mike Conley,2023,TOT,2029.0,16.3,0.583,0.575,29.4,4.9
Mike Muscala,2023,TOT,945.0,15.1,0.608,0.709,7.1,11.6
Miles McBride,2023,NYK,760.0,14.6,0.475,0.623,12.4,3.6
Mitchell Robinson,2023,NYK,1591.0,10.1,0.652,0.0,4.5,19.2
Mo Bamba,2023,TOT,769.0,16.6,0.602,0.515,8.7,16.4
Monte Morris,2023,WAS,1695.0,15.6,0.579,0.396,26.4,6.9
Montrezl Harrell,2023,PHI,681.0,18.9,0.631,0.029,7.4,13.8
Moritz Wagner,2023,ORL,1109.0,21.1,0.63,0.412,11.5,13.2
Moses Moody,2023,GSW,817.0,14.6,0.603,0.595,8.2,7.1
Myles Turner,2023,IND,1825.0,22.0,0.651,0.34,7.5,14.2
Naji Marshall,2023,NOP,1792.0,17.8,0.539,0.382,14.4,8.8
Nassir Little,2023,POR,976.0,16.0,0.555,0.521,7.3,8.3
Naz Reid,2023,MIN,1251.0,24.8,0.617,0.376,9.6,14.9
Nic Claxton,2023,BRK,2271.0,15.4,0.691,0.003,9.3,17.4
Nick Richards,2023,CHO,1217.0,15.6,0.676,0.003,4.5,18.2
Nickeil Alexander-Walker,2023,TOT,884.0,17.9,0.565,0.539,16.7,6.3
Nicolas Batum,2023,LAC,1709.0,11.5,0.594,0.832,9.4,9.8
Nikola Jokić,2023,DEN,2323.0,27.2,0.701,0.146,46.6,20.2
Nikola Vučević,2023,CHI,2746.0,21.9,0.594,0.302,14.6,18.6
Norman Powell,2023,LAC,1567.0,26.0,0.612,0.404,11.0,6.3
OG Anunoby,2023,TOR,2386.0,19.5,0.586,0.415,8.0,7.9
Obi Toppin,2023,NYK,1050.0,19.5,0.565,0.589,9.2,9.8
Ochai Agbaji,2023,UTA,1209.0,15.8,0.561,0.591,7.5,5.4
Onyeka Okongwu,2023,ATL,1849.0,15.1,0.678,0.026,5.8,17.0
Oshae Brissett,2023,IND,1083.0,16.1,0.52,0.486,5.4,11.2
Ousmane Dieng,2023,OKC,569.0,15.9,0.505,0.541,10.7,9.9
P.J. Tucker,2023,PHI,1920.0,6.5,0.566,0.622,3.9,9.1
P.J. Washington,2023,CHO,2380.0,20.6,0.542,0.438,11.0,8.0
Paolo Banchero,2023,ORL,2430.0,27.5,0.529,0.254,17.2,11.6
Pascal Siakam,2023,TOR,2652.0,27.2,0.565,0.219,24.9,11.9
Pat Connaughton,2023,MIL,1443.0,13.8,0.531,0.765,6.9,10.2
Patrick Beverley,2023,TOT,1816.0,10.6,0.534,0.664,13.3,7.5
Patrick Williams,2023,CHI,2323.0,15.7,0.576,0.409,5.8,8.0
Patty Mills,2023,BRK,567.0,19.7,0.554,0.641,13.9,4.4
Paul George,2023,LAC,1939.0,29.5,0.588,0.424,24.2,9.9
Paul Reed,2023,PHI,755.0,16.4,0.62,0.029,5.3,20.5
Payton Pritchard,2023,BOS,643.0,19.8,0.536,0.629,14.0,7.5
Precious Achiuwa,2023,TOR,1140.0,19.4,0.554,0.267,6.3,16.3
Quentin Grimes,2023,NYK,2121.0,14.4,0.619,0.676,9.7,5.9
R.J. Hampton,2023,TOT,750.0,17.8,0.558,0.489,10.4,6.5
RJ Barrett,2023,NYK,2475.0,26.2,0.531,0.332,12.4,8.2
Raul Neto,2023,CLE,505.0,13.2,0.628,0.382,21.0,5.4
Reggie Bullock,2023,DAL,2364.0,10.0,0.577,0.845,6.2,7.0
Reggie Jackson,2023,TOT,1657.0,20.8,0.514,0.45,20.0,4.9
Ricky Rubio,2023,CLE,566.0,17.7,0.442,0.461,27.1,7.3
Robert Covington,2023,LAC,779.0,15.6,0.584,0.594,10.2,11.9
Robert Williams,2023,BOS,824.0,11.8,0.742,0.006,8.5,19.3
Rodney McGruder,2023,DET,524.0,14.0,0.566,0.638,7.6,7.8
Romeo Langford,2023,SAS,844.0,15.4,0.524,0.236,7.9,7.4
Royce O'Neale,2023,BRK,2409.0,13.6,0.538,0.707,15.3,9.0
Rudy Gay,2023,UTA,816.0,17.7,0.475,0.453,9.4,10.8
Rudy Gobert,2023,MIN,2148.0,16.3,0.675,0.005,5.6,21.2
Rui Hachimura,2023,TOT,1466.0,20.2,0.556,0.274,5.8,10.5
Russell Westbrook,2023,TOT,2126.0,27.7,0.513,0.289,38.6,10.8
Saddiq Bey,2023,TOT,2129.0,20.2,0.564,0.5,8.1,9.4
Sam Hauser,2023,BOS,1290.0,14.7,0.634,0.846,7.6,8.6
Sandro Mamukelashvili,2023,TOT,660.0,18.2,0.516,0.43,12.8,15.1
Santi Aldama,2023,MEM,1682.0,16.0,0.591,0.507,7.6,11.7
Scottie Barnes,2023,TOR,2678.0,20.3,0.524,0.22,20.0,10.8
Seth Curry,2023,BRK,1211.0,19.2,0.593,0.517,11.9,4.6
Shaedon Sharpe,2023,POR,1779.0,19.0,0.568,0.437,7.9,7.6
Shai Gilgeous-Alexander,2023,OKC,2416.0,32.8,0.626,0.122,25.7,7.3
Shake Milton,2023,PHI,1567.0,18.5,0.575,0.294,22.3,7.2
Simone Fontecchio,2023,UTA,766.0,20.2,0.495,0.612,7.5,6.1
Spencer Dinwiddie,2023,TOT,2725.0,22.1,0.573,0.467,28.1,5.7
Stephen Curry,2023,GSW,1941.0,31.0,0.656,0.564,30.0,9.7
Steven Adams,2023,MEM,1133.0,14.6,0.564,0.004,11.2,22.7
T.J. McConnell,2023,IND,1526.0,19.1,0.59,0.113,37.9,8.5
T.J. Warren,2023,TOT,687.0,19.5,0.55,0.248,8.7,9.8
Talen Horton-Tucker,2023,UTA,1313.0,25.9,0.508,0.331,27.4,8.6
Tari Eason,2023,HOU,1767.0,19.3,0.525,0.261,7.4,15.4
Taurean Prince,2023,MIN,1192.0,17.3,0.597,0.512,9.6,6.2
Terance Mann,2023,LAC,1872.0,15.3,0.619,0.378,14.0,8.3
Terence Davis,2023,SAC,841.0,22.2,0.563,0.668,11.1,9.4
Terrence Ross,2023,TOT,1330.0,16.8,0.544,0.555,10.2,6.5
Terry Rozier,2023,CHO,2221.0,26.9,0.517,0.425,22.7,6.2
Thaddeus Young,2023,TOR,795.0,13.5,0.573,0.172,12.9,11.8
Thomas Bryant,2023,TOT,1081.0,18.2,0.682,0.16,4.3,17.0
Théo Maledon,2023,CHO,854.0,17.0,0.515,0.374,24.2,7.7
Tim Hardaway Jr.,2023,DAL,2152.0,20.6,0.554,0.649,9.0,6.8
Tobias Harris,2023,PHI,2436.0,18.2,0.602,0.383,11.4,10.3
Torrey Craig,2023,PHO,1948.0,13.0,0.566,0.506,7.9,12.1
Trae Young,2023,ATL,2541.0,32.6,0.573,0.331,42.5,4.7
Tre Jones,2023,SAS,1984.0,19.3,0.534,0.213,31.5,6.7
Tre Mann,2023,OKC,1183.0,20.7,0.492,0.513,14.0,7.0
Trendon Watford,2023,POR,1182.0,16.1,0.625,0.198,16.0,11.6
Trey Lyles,2023,SAC,1247.0,18.1,0.607,0.588,7.0,13.7
Trey Murphy III,2023,NOP,2448.0,16.6,0.65,0.621,6.4,6.5
Troy Brown Jr.,2023,LAL,1860.0,12.1,0.561,0.604,6.6,8.9
Ty Jerome,2023,GSW,816.0,14.9,0.594,0.372,22.1,5.3
Tyler Herro,2023,MIA,2337.0,25.6,0.566,0.484,19.9,9.0
Tyrese Haliburton,2023,IND,1883.0,23.8,0.624,0.478,47.6,6.0
Tyrese Maxey,2023,PHI,2016.0,24.1,0.605,0.404,16.9,5.2
Tyus Jones,2023,MEM,1940.0,17.7,0.546,0.459,28.8,5.5
Usman Garuba,2023,HOU,970.0,10.5,0.569,0.333,8.8,17.4
Victor Oladipo,2023,MIA,1106.0,21.1,0.513,0.526,19.8,6.8
Vlatko Čančar,2023,DEN,889.0,13.8,0.606,0.507,11.5,8.3
Walker Kessler,2023,UTA,1703.0,13.3,0.702,0.007,5.7,19.7
Wendell Carter Jr.,2023,ORL,1690.0,20.5,0.621,0.367,12.0,16.6
Wenyen Gabriel,2023,LAL,1024.0,14.1,0.626,0.138,4.8,15.0
Wesley Matthews,2023,MIL,820.0,9.8,0.519,0.775,5.1,7.2
Will Barton,2023,TOT,993.0,18.9,0.493,0.495,15.4,7.7
Xavier Tillman Sr.,2023,MEM,1180.0,13.7,0.621,0.049,10.9,13.8
Yuta Watanabe,2023,BRK,928.0,13.1,0.637,0.582,7.0,8.5
Zach Collins,2023,SAS,1441.0,21.2,0.599,0.268,18.0,15.2
Zach LaVine,2023,CHI,2768.0,28.3,0.607,0.392,18.7,7.1
Zeke Nnaji,2023,DEN,728.0,15.2,0.62,0.332,3.3,10.9
Ziaire Williams,2023,MEM,561.0,18.0,0.511,0.495,8.2,7.5
Zion Williamson,2023,NOP,956.0,30.4,0.652,0.041,24.4,12.0
Aaron Gordon,2022,DEN,2376.0,19.7,0.602,0.312,11.6,10.3
Aaron Holiday,2022,TOT,1021.0,18.7,0.544,0.305,20.7,6.5
Aaron Nesmith,2022,BOS,574.0,17.2,0.507,0.632,5.4,8.4
Aaron Wiggins,2022,OKC,1209.0,15.3,0.556,0.409,8.5,7.6
Al Horford,2022,BOS,2005.0,14.8,0.574,0.466,16.4,14.3
Alec Burks,2022,NYK,2318.0,17.7,0.559,0.534,15.7,9.2
Aleksej Pokusevski,2022,OKC,1233.0,20.0,0.485,0.432,16.5,13.3
Alex Caruso,2022,CHI,1147.0,13.3,0.528,0.492,18.5,7.3
Alex Len,2022,SAC,620.0,17.1,0.577,0.119,10.6,14.1
Alperen Şengün,2022,HOU,1489.0,22.0,0.552,0.223,19.1,14.5
Amir Coffey,2022,LAC,1567.0,15.8,0.598,0.545,11.4,6.7
Andre Drummond,2022,TOT,1437.0,19.0,0.574,0.007,13.7,26.2
Andre Iguodala,2022,GSW,603.0,11.4,0.478,0.612,24.7,9.1
Andrew Wiggins,2022,GSW,2329.0,23.1,0.56,0.392,10.8,7.6
Anfernee Simons,2022,POR,1681.0,24.8,0.583,0.555,22.2,4.9
Anthony Davis,2022,LAL,1404.0,27.1,0.578,0.101,14.7,15.1
Anthony Edwards,2022,MIN,2466.0,26.4,0.56,0.484,17.4,7.5
Armoni Brooks,2022,TOT,844.0,16.4,0.483,0.862,10.4,6.7
Austin Reaves,2022,LAL,1418.0,12.4,0.6,0.525,10.3,7.3
Austin Rivers,2022,DEN,1480.0,12.6,0.546,0.66,8.0,4.3
Avery Bradley,2022,LAL,1406.0,12.1,0.55,0.6,4.5,5.2
Ayo Dosunmu,2022,CHI,2110.0,14.1,0.596,0.348,16.5,5.7
Bam Adebayo,2022,MIA,1825.0,25.0,0.608,0.008,17.5,17.5
Ben McLemore,2022,POR,1285.0,21.3,0.567,0.774,7.3,4.4
Bismack Biyombo,2022,PHO,506.0,17.1,0.596,0.0,6.2,17.7
Blake Griffin,2022,BRK,958.0,16.9,0.518,0.463,15.0,13.0
Bobby Portis,2022,MIL,2028.0,21.3,0.571,0.388,6.4,17.2
Bogdan Bogdanović,2022,ATL,1848.0,21.6,0.562,0.578,15.5,7.4
Bojan Bogdanović,2022,UTA,2131.0,23.7,0.599,0.504,8.7,7.6
Bones Hyland,2022,DEN,1310.0,23.8,0.558,0.627,21.2,8.0
Bradley Beal,2022,WAS,1439.0,30.8,0.539,0.272,30.8,7.3
Brandon Boston Jr.,2022,LAC,760.0,22.4,0.481,0.342,10.1,7.7
Brandon Clarke,2022,MEM,1246.0,17.7,0.66,0.049,10.3,14.4
Brandon Goodwin,2022,CLE,502.0,18.2,0.501,0.357,26.0,7.4
Brandon Ingram,2022,NOP,1869.0,29.3,0.554,0.23,27.8,9.5
Brandon Williams,2022,POR,640.0,25.9,0.476,0.376,23.1,6.4
Bruce Brown,2022,BRK,1774.0,15.0,0.575,0.186,11.5,10.6
Bryn Forbes,2022,TOT,1286.0,21.2,0.574,0.547,8.3,3.9
Buddy Hield,2022,TOT,2499.0,22.4,0.548,0.652,13.8,7.8
CJ Elleby,2022,POR,1174.0,14.8,0.491,0.409,10.6,10.6
CJ McCollum,2022,TOT,2145.0,27.5,0.553,0.403,26.1,6.9
Cade Cunningham,2022,DET,2088.0,27.5,0.504,0.352,29.1,9.2
Caleb Martin,2022,MIA,1372.0,16.3,0.611,0.378,7.0,9.5
Cam Reddish,2022,TOT,1012.0,22.2,0.543,0.451,7.0,5.7
Cam Thomas,2022,BRK,1176.0,22.1,0.519,0.346,9.7,7.5
Cameron Johnson,2022,PHO,1730.0,17.5,0.625,0.644,7.7,8.5
Cameron Payne,2022,PHO,1278.0,24.6,0.5,0.359,30.7,7.3
Caris LeVert,2022,TOT,1781.0,25.4,0.525,0.3,22.0,6.7
Carmelo Anthony,2022,LAL,1793.0,20.4,0.579,0.549,5.6,8.6
Cedi Osman,2022,CLE,1462.0,21.1,0.563,0.628,14.1,5.5
Chimezie Metu,2022,SAC,1279.0,18.5,0.546,0.414,6.9,14.3
Chris Boucher,2022,TOR,1690.0,17.8,0.57,0.397,2.2,15.8
Chris Duarte,2022,IND,1541.0,21.1,0.537,0.411,10.9,8.2
Chris Paul,2022,PHO,2139.0,19.7,0.581,0.27,44.5,7.1
Christian Wood,2022,HOU,2094.0,23.3,0.595,0.383,12.2,18.0
Chuma Okeke,2022,ORL,1749.0,16.4,0.501,0.645,10.1,10.5
Clint Capela,2022,ATL,2042.0,15.5,0.604,0.002,6.6,23.5
Coby White,2022,CHI,1675.0,19.8,0.564,0.548,15.0,6.1
Cody Martin,2022,CHO,1866.0,12.1,0.579,0.376,12.4,8.1
Cole Anthony,2022,ORL,2059.0,25.1,0.519,0.429,28.9,8.9
Corey Kispert,2022,WAS,1801.0,14.6,0.586,0.623,6.7,6.4
Cory Joseph,2022,DET,1600.0,14.3,0.579,0.393,21.8,5.9
D'Angelo Russell,2022,MIN,2077.0,25.1,0.544,0.531,33.1,5.6
D.J. Augustin,2022,TOT,883.0,14.3,0.61,0.739,16.8,4.2
Dalano Banton,2022,TOR,696.0,16.9,0.463,0.252,19.8,9.7
Damian Jones,2022,SAC,1017.0,16.2,0.701,0.109,10.2,13.2
Damian Lillard,2022,POR,1056.0,29.3,0.55,0.514,34.0,6.2
Damion Lee,2022,GSW,1256.0,15.8,0.561,0.488,7.1,8.8
Daniel Gafford,2022,WAS,1444.0,16.7,0.708,0.002,7.3,15.6
Daniel Theis,2022,TOT,977.0,16.2,0.595,0.368,6.3,12.7
Danilo Gallinari,2022,ATL,1672.0,18.4,0.579,0.492,8.5,10.1
Danny Green,2022,PHI,1353.0,12.3,0.561,0.847,6.5,6.5
Danuel House Jr.,2022,TOT,727.0,15.2,0.555,0.591,8.4,8.4
Darius Bazley,2022,OKC,1924.0,18.3,0.515,0.414,7.7,11.6
Darius Garland,2022,CLE,2430.0,27.8,0.576,0.387,39.9,5.1
David Nwaba,2022,HOU,609.0,15.8,0.567,0.278,8.5,13.6
Davion Mitchell,2022,SAC,2076.0,20.6,0.489,0.38,22.5,4.4
Davon Reed,2022,DEN,668.0,12.1,0.624,0.534,10.7,9.0
De'Aaron Fox,2022,SAC,2083.0,29.1,0.549,0.228,26.8,6.0
De'Andre Hunter,2022,ATL,1577.0,19.9,0.547,0.339,6.1,6.1
De'Anthony Melton,2022,MEM,1657.0,21.3,0.529,0.535,16.0,10.4
DeAndre Jordan,2022,TOT,622.0,13.9,0.641,0.0,4.9,23.1
DeAndre' Bembry,2022,TOT,1026.0,11.2,0.601,0.163,8.6,8.6
DeMar DeRozan,2022,CHI,2743.0,31.8,0.59,0.093,23.3,8.0
DeMarcus Cousins,2022,TOT,718.0,28.1,0.567,0.377,15.2,20.6
Dean Wade,2022,CLE,980.0,11.1,0.584,0.654,7.3,8.5
Deandre Ayton,2022,PHO,1713.0,21.4,0.656,0.027,7.6,18.6
Dejounte Murray,2022,SAS,2366.0,27.3,0.533,0.237,40.6,12.5
Delon Wright,2022,ATL,1452.0,10.3,0.576,0.431,16.6,8.3
Deni Avdija,2022,WAS,1984.0,16.3,0.536,0.447,11.8,11.9
Dennis Schröder,2022,TOT,1837.0,22.6,0.539,0.345,24.2,6.3
Dennis Smith Jr.,2022,POR,638.0,18.2,0.474,0.143,30.5,7.6
Derrick Favors,2022,OKC,653.0,13.4,0.534,0.088,5.9,14.5
Derrick Jones Jr.,2022,CHI,899.0,12.5,0.633,0.313,4.4,10.6
Derrick Rose,2022,NYK,636.0,22.5,0.541,0.336,27.5,6.6
Derrick White,2022,TOT,2199.0,19.9,0.549,0.461,22.9,6.3
Desmond Bane,2022,MEM,2266.0,23.1,0.592,0.475,13.5,7.7
Devin Booker,2022,PHO,2345.0,32.0,0.576,0.336,22.4,7.8
Devin Vassell,2022,SAS,1937.0,18.9,0.54,0.497,9.7,8.3
Devonte' Graham,2022,NOP,2162.0,19.5,0.514,0.691,21.0,4.5
Dewayne Dedmon,2022,MIA,1065.0,16.9,0.632,0.162,6.7,20.6
Dillon Brooks,2022,MEM,885.0,28.8,0.515,0.283,15.4,6.0
Domantas Sabonis,2022,TOT,2136.0,22.3,0.637,0.162,23.6,19.5
Donovan Mitchell,2022,UTA,2266.0,32.9,0.572,0.475,27.7,6.8
Donte DiVincenzo,2022,TOT,1006.0,18.9,0.51,0.649,16.1,9.1
Dorian Finney-Smith,2022,DAL,2644.0,13.8,0.604,0.629,8.2,7.9
Doug McDermott,2022,SAS,1223.0,18.3,0.593,0.551,7.3,4.9
Draymond Green,2022,GSW,1329.0,14.3,0.582,0.21,32.5,13.8
Drew Eubanks,2022,TOT,1245.0,17.5,0.638,0.062,10.1,16.5
Duane Washington Jr.,2022,IND,968.0,22.6,0.521,0.504,13.0,4.8
Duncan Robinson,2022,MIA,2043.0,17.7,0.573,0.86,9.3,5.6
Dwight Howard,2022,LAL,971.0,14.6,0.657,0.068,5.0,19.7
Dwight Powell,2022,DAL,1798.0,14.0,0.725,0.092,8.1,12.5
Dāvis Bertāns,2022,TOT,807.0,17.3,0.531,0.836,5.5,8.0
Elfrid Payton,2022,PHO,549.0,18.5,0.397,0.103,23.0,8.6
Eric Bledsoe,2022,LAC,1361.0,20.5,0.514,0.348,24.1,7.1
Eric Gordon,2022,HOU,1669.0,18.6,0.614,0.534,14.1,3.7
Eric Paschall,2022,UTA,736.0,17.7,0.612,0.46,7.1,7.9
Evan Fournier,2022,NYK,2358.0,20.8,0.554,0.641,11.9,4.8
Evan Mobley,2022,CLE,2331.0,20.4,0.549,0.111,11.6,13.5
Facundo Campazzo,2022,DEN,1184.0,14.7,0.503,0.652,24.1,5.5
Frank Jackson,2022,DET,1164.0,20.9,0.53,0.578,7.6,4.0
Frank Ntilikina,2022,DAL,685.0,17.4,0.513,0.498,14.7,6.4
Franz Wagner,2022,ORL,2429.0,21.2,0.559,0.278,15.7,7.7
Fred VanVleet,2022,TOR,2462.0,23.7,0.552,0.585,26.7,6.4
Furkan Korkmaz,2022,PHI,1414.0,17.6,0.502,0.566,13.1,6.9
Gabe Vincent,2022,MIA,1589.0,17.8,0.551,0.63,19.4,4.5
Garrett Temple,2022,NOP,1098.0,13.9,0.494,0.627,9.2,7.2
Garrison Mathews,2022,HOU,1712.0,14.4,0.602,0.837,5.3,6.1
Gary Harris,2022,ORL,1730.0,16.4,0.571,0.546,9.5,3.7
Gary Payton II,2022,GSW,1247.0,14.3,0.679,0.349,7.6,10.8
Gary Trent Jr.,2022,TOR,2448.0,21.8,0.546,0.502,8.8,4.2
George Hill,2022,MIL,1253.0,11.7,0.552,0.487,12.4,6.6
Georges Niang,2022,PHI,1736.0,16.8,0.594,0.687,8.7,6.5
Giannis Antetokounmpo,2022,MIL,2204.0,34.9,0.633,0.194,31.7,18.7
Goga Bitadze,2022,IND,729.0,19.9,0.595,0.317,11.2,13.5
Gordon Hayward,2022,CHO,1564.0,20.7,0.57,0.357,16.1,7.6
Grant Williams,2022,BOS,1875.0,12.6,0.635,0.597,5.7,7.9
Grayson Allen,2022,MIL,1805.0,15.2,0.609,0.684,7.6,6.5
Greg Brown III,2022,POR,640.0,17.2,0.515,0.321,8.1,11.6
Hamidou Diallo,2022,DET,1269.0,21.8,0.541,0.177,9.8,11.8
Harrison Barnes,2022,SAC,2587.0,18.8,0.623,0.432,10.5,9.1
Hassan Whiteside,2022,UTA,1162.0,17.1,0.662,0.0,3.4,23.3
Herbert Jones,2022,NOP,2335.0,13.7,0.573,0.293,10.0,7.0
Ignas Brazdeikis,2022,ORL,536.0,17.7,0.52,0.463,10.7,7.1
Immanuel Quickley,2022,NYK,1802.0,22.2,0.543,0.547,24.5,7.4
Isaac Okoro,2022,CLE,1981.0,12.4,0.589,0.364,8.5,5.6
Isaiah Hartenstein,2022,LAC,1216.0,18.4,0.664,0.082,20.5,14.5
Isaiah Jackson,2022,IND,541.0,22.5,0.607,0.078,2.9,15.4
Isaiah Joe,2022,PHI,609.0,15.5,0.519,0.763,8.1,5.1
Isaiah Roby,2022,OKC,948.0,19.0,0.607,0.307,12.1,11.8
Isaiah Stewart,2022,DET,1816.0,14.6,0.55,0.094,6.9,18.4
Ish Smith,2022,TOT,1126.0,20.1,0.465,0.156,31.5,6.8
Ivica Zubac,2022,LAC,1852.0,16.8,0.66,0.0,9.8,18.4
Ja Morant,2022,MEM,1889.0,33.7,0.575,0.218,34.1,9.0
JaMychal Green,2022,DEN,1085.0,17.2,0.587,0.379,7.6,14.5
JaVale McGee,2022,PHO,1172.0,22.8,0.651,0.02,5.4,22.7
Jaden McDaniels,2022,MIN,1803.0,15.3,0.553,0.455,6.1,8.7
Jae Crowder,2022,PHO,1886.0,14.6,0.541,0.671,8.3,10.1
Jae'Sean Tate,2022,HOU,2056.0,19.6,0.567,0.277,16.9,11.2
Jakob Poeltl,2022,SAS,1970.0,18.3,0.613,0.002,14.0,16.9
Jalen Brunson,2022,DAL,2524.0,21.9,0.583,0.25,24.3,6.8
Jalen Green,2022,HOU,2138.0,23.7,0.547,0.48,13.1,5.8
Jalen McDaniels,2022,CHO,895.0,15.3,0.595,0.425,8.7,10.1
Jalen Smith,2022,TOT,925.0,20.3,0.595,0.349,3.9,18.2
Jalen Suggs,2022,ORL,1307.0,25.3,0.455,0.358,24.9,6.9
James Harden,2022,TOT,2419.0,27.2,0.583,0.452,40.3,11.3
James Johnson,2022,BRK,1191.0,13.7,0.513,0.277,14.5,9.8
Jaren Jackson Jr.,2022,MEM,2126.0,25.4,0.535,0.387,5.8,11.2
Jarred Vanderbilt,2022,MIN,1880.0,10.9,0.612,0.039,6.7,17.8
Jarrett Allen,2022,CLE,1809.0,18.1,0.698,0.018,8.2,18.4
Javonte Green,2022,CHI,1519.0,11.5,0.637,0.311,5.3,10.2
Jaxson Hayes,2022,NOP,1398.0,16.4,0.68,0.143,4.7,12.5
Jaylen Brown,2022,BOS,2220.0,30.5,0.574,0.381,17.9,9.8
Jaylen Nowell,2022,MIN,975.0,21.0,0.581,0.387,20.2,6.8
Jayson Tatum,2022,BOS,2731.0,32.1,0.578,0.416,21.1,12.1
Jeff Green,2022,DEN,1849.0,16.3,0.627,0.318,7.3,7.0
Jerami Grant,2022,DET,1500.0,25.7,0.556,0.363,12.5,6.9
Jeremiah Robinson-Earl,2022,OKC,1087.0,15.4,0.526,0.509,6.7,13.0
Jeremy Lamb,2022,TOT,935.0,19.7,0.521,0.49,12.3,9.1
Jericho Sims,2022,NYK,555.0,6.9,0.674,0.0,5.3,16.4
Jevon Carter,2022,TOT,905.0,14.0,0.531,0.672,14.0,6.6
Jimmy Butler,2022,MIA,1931.0,26.5,0.592,0.14,26.4,9.9
Jock Landale,2022,SAS,589.0,18.1,0.597,0.436,10.6,12.3
Joe Ingles,2022,UTA,1122.0,13.2,0.551,0.789,19.0,6.4
Joel Embiid,2022,PHI,2297.0,37.2,0.616,0.188,23.5,19.4
John Collins,2022,ATL,1663.0,20.5,0.61,0.273,8.9,13.9
John Konchar,2022,MEM,1292.0,9.9,0.615,0.481,10.6,13.3
Jonas Valančiūnas,2022,NOP,2240.0,23.8,0.617,0.168,14.0,20.8
Jonathan Kuminga,2022,GSW,1185.0,22.7,0.6,0.324,8.4,10.8
Jordan Clarkson,2022,UTA,2141.0,26.8,0.532,0.536,14.5,7.0
Jordan McLaughlin,2022,MIN,902.0,11.8,0.535,0.425,26.1,5.6
Jordan Nwora,2022,MIL,1185.0,19.4,0.506,0.491,7.0,9.9
Jordan Poole,2022,GSW,2283.0,26.0,0.598,0.548,21.0,6.2
Jose Alvarado,2022,NOP,834.0,18.4,0.52,0.374,26.9,6.6
Josh Christopher,2022,HOU,1334.0,21.1,0.534,0.378,17.3,7.7
Josh Giddey,2022,OKC,1700.0,22.2,0.478,0.318,32.3,12.7
Josh Green,2022,DAL,1039.0,13.9,0.578,0.305,11.0,8.6
Josh Hart,2022,TOT,1791.0,18.6,0.61,0.374,18.9,12.0
Josh Jackson,2022,TOT,830.0,19.7,0.491,0.433,10.0,9.2
Josh Okogie,2022,MIN,516.0,12.1,0.526,0.452,6.2,7.3
Josh Richardson,2022,TOT,1600.0,17.6,0.573,0.461,10.1,6.2
Joshua Primo,2022,SAS,965.0,15.4,0.487,0.507,10.6,6.1
Jrue Holiday,2022,MIL,2207.0,23.5,0.593,0.336,31.8,7.2
Juan Toscano-Anderson,2022,GSW,994.0,14.7,0.561,0.37,17.6,9.7
Julius Randle,2022,NYK,2544.0,28.7,0.509,0.313,25.1,15.1
Justin Holiday,2022,TOT,2057.0,15.8,0.543,0.728,8.6,5.1
Justise Winslow,2022,TOT,774.0,18.9,0.479,0.257,16.1,14.0
Jusuf Nurkić,2022,POR,1579.0,23.6,0.586,0.093,16.6,21.5
Karl-Anthony Towns,2022,MIN,2476.0,27.8,0.64,0.301,18.0,15.7
Keifer Sykes,2022,IND,566.0,17.4,0.456,0.474,14.9,4.4
Keita Bates-Diop,2022,SAS,956.0,14.8,0.578,0.209,5.7,12.7
Keldon Johnson,2022,SAS,2392.0,21.3,0.574,0.395,9.5,10.0
Kelly Olynyk,2022,DET,764.0,21.5,0.561,0.416,23.3,12.5
Kelly Oubre Jr.,2022,CHO,1999.0,23.0,0.56,0.593,6.2,8.0
Kemba Walker,2022,NYK,948.0,20.8,0.537,0.538,22.2,6.3
Kenrich Williams,2022,OKC,1072.0,15.6,0.532,0.382,15.3,10.5
Kent Bazemore,2022,LAL,545.0,13.2,0.451,0.576,8.1,6.8
Kentavious Caldwell-Pope,2022,WAS,2329.0,19.0,0.568,0.492,9.1,6.2
Kenyon Martin Jr.,2022,HOU,1656.0,16.3,0.603,0.321,9.4,9.9
Keon Johnson,2022,TOT,697.0,21.2,0.453,0.368,16.3,6.3
Kessler Edwards,2022,BRK,987.0,13.8,0.516,0.509,4.1,9.5
Kevin Durant,2022,BRK,2047.0,31.2,0.634,0.269,29.1,10.8
Kevin Huerter,2022,ATL,2188.0,17.5,0.57,0.541,13.2,6.4
Kevin Love,2022,CLE,1665.0,25.1,0.594,0.627,15.3,17.8
Kevin Porter Jr.,2022,HOU,1907.0,24.1,0.531,0.511,30.7,7.7
Kevon Looney,2022,GSW,1732.0,12.2,0.586,0.003,13.2,18.8
Khem Birch,2022,TOR,991.0,11.2,0.534,0.07,7.6,13.1
Khris Middleton,2022,MIL,2141.0,26.7,0.577,0.425,25.5,8.8
Killian Hayes,2022,DET,1647.0,15.7,0.461,0.364,24.6,6.9
Klay Thompson,2022,GSW,941.0,29.6,0.547,0.517,16.1,7.3
Kristaps Porziņģis,2022,TOT,1481.0,29.5,0.577,0.329,13.7,15.4
Kyle Anderson,2022,MEM,1484.0,16.2,0.506,0.232,16.2,13.0
Kyle Kuzma,2022,WAS,2204.0,24.2,0.547,0.401,16.3,14.1
Kyle Lowry,2022,MIA,2133.0,18.2,0.6,0.609,32.3,7.5
Kyrie Irving,2022,BRK,1091.0,29.4,0.592,0.388,25.2,6.3
LaMarcus Aldridge,2022,BRK,1050.0,22.4,0.604,0.1,6.3,13.4
LaMelo Ball,2022,CHO,2422.0,28.2,0.554,0.451,35.7,11.0
Lamar Stevens,2022,CLE,1015.0,17.1,0.544,0.204,6.5,8.9
Lance Stephenson,2022,TOT,814.0,22.6,0.536,0.279,30.2,8.7
Landry Shamet,2022,PHO,1437.0,16.8,0.55,0.689,9.7,4.7
Larry Nance Jr.,2022,TOT,1040.0,12.8,0.59,0.283,11.4,13.1
Lauri Markkanen,2022,CLE,1878.0,19.5,0.582,0.541,6.6,10.2
LeBron James,2022,LAL,2084.0,32.3,0.619,0.367,30.6,11.8
Lonnie Walker IV,2022,SAS,1612.0,23.6,0.512,0.462,13.4,5.9
Lonzo Ball,2022,CHI,1212.0,17.4,0.575,0.679,20.0,8.8
Lou Williams,2022,ATL,799.0,21.7,0.5,0.319,18.6,6.0
Luguentz Dort,2022,OKC,1665.0,23.3,0.541,0.539,8.6,6.5
Luka Dončić,2022,DAL,2301.0,37.4,0.571,0.406,46.0,14.3
Luke Kennard,2022,LAC,1919.0,16.8,0.619,0.662,11.2,6.3
Malachi Flynn,2022,TOR,537.0,16.5,0.488,0.492,18.5,6.4
Malcolm Brogdon,2022,IND,1206.0,24.6,0.557,0.343,26.9,8.6
Malik Beasley,2022,MIN,1976.0,19.4,0.544,0.749,8.5,6.2
Malik Monk,2022,LAL,2139.0,20.1,0.597,0.535,15.2,6.4
Marcus Morris,2022,LAC,1564.0,23.2,0.549,0.398,11.3,8.1
Marcus Smart,2022,BOS,2296.0,18.3,0.54,0.501,25.6,6.4
Marvin Bagley III,2022,TOT,1146.0,19.8,0.551,0.217,5.2,16.0
Mason Plumlee,2022,CHO,1793.0,11.7,0.603,0.006,16.4,16.7
Matisse Thybulle,2022,PHI,1685.0,9.5,0.594,0.48,6.1,5.0
Maurice Harkless,2022,SAC,863.0,11.2,0.561,0.558,3.6,7.1
Max Strus,2022,MIA,1587.0,18.1,0.614,0.784,8.8,7.2
Maxi Kleber,2022,DAL,1450.0,13.3,0.537,0.72,6.5,13.4
Mikal Bridges,2022,PHO,2854.0,15.0,0.627,0.364,8.7,6.5
Mike Conley,2022,UTA,2058.0,20.9,0.572,0.523,27.7,5.8
Mike Muscala,2022,OKC,592.0,20.9,0.63,0.657,6.2,11.2
Miles Bridges,2022,CHO,2837.0,22.6,0.593,0.383,15.7,10.4
Mitchell Robinson,2022,NYK,1848.0,11.4,0.722,0.0,3.2,17.9
Mo Bamba,2022,ORL,1824.0,17.2,0.582,0.455,7.4,16.5
Monte Morris,2022,DEN,2239.0,17.4,0.583,0.406,21.4,5.6
Montrezl Harrell,2022,TOT,1641.0,20.2,0.68,0.031,13.9,14.4
Moritz Wagner,2022,ORL,960.0,22.9,0.623,0.508,15.4,12.8
Moses Moody,2022,GSW,607.0,15.2,0.573,0.601,5.3,7.2
Myles Turner,2022,IND,1235.0,17.1,0.615,0.466,5.1,13.4
Naji Marshall,2022,NOP,735.0,20.8,0.505,0.39,12.3,10.7
Nassir Little,2022,POR,1088.0,15.8,0.575,0.489,7.4,11.9
Naz Reid,2022,MIN,1215.0,21.4,0.588,0.349,8.7,13.3
Nemanja Bjelica,2022,GSW,1142.0,17.8,0.573,0.436,19.8,14.1
Nerlens Noel,2022,NYK,562.0,7.3,0.581,0.05,5.7,13.5
Nic Claxton,2022,BRK,974.0,15.1,0.672,0.0,6.4,14.8
Nickeil Alexander-Walker,2022,TOT,1466.0,24.1,0.475,0.497,16.1,7.1
Nicolas Batum,2022,LAC,1462.0,13.3,0.608,0.698,9.7,9.2
Nikola Jokić,2022,DEN,2476.0,31.9,0.661,0.22,42.6,23.0
Nikola Vučević,2022,CHI,2418.0,24.5,0.533,0.287,15.2,18.7
Norman Powell,2022,TOT,1458.0,23.1,0.603,0.418,10.8,5.4
OG Anunoby,2022,TOR,1728.0,20.5,0.549,0.455,11.0,8.3
Obi Toppin,2022,NYK,1230.0,20.8,0.614,0.357,10.9,11.7
Omer Yurtseven,2022,MIA,706.0,19.9,0.546,0.045,11.0,23.6
Onyeka Okongwu,2022,ATL,992.0,14.0,0.714,0.0,7.6,15.6
Oshae Brissett,2022,IND,1564.0,17.3,0.53,0.468,6.4,12.8
Otto Porter Jr.,2022,GSW,1396.0,15.0,0.581,0.519,9.6,14.2
P.J. Tucker,2022,MIA,1981.0,11.7,0.593,0.451,10.6,11.1
P.J. Washington,2022,CHO,1768.0,15.6,0.588,0.566,11.2,10.1
Pascal Siakam,2022,TOR,2578.0,25.8,0.565,0.181,23.0,12.2
Pat Connaughton,2022,MIL,1691.0,14.0,0.62,0.746,6.6,8.6
Patrick Beverley,2022,MIN,1476.0,16.1,0.539,0.555,24.5,8.7
Patty Mills,2022,BRK,2346.0,16.4,0.563,0.715,10.6,3.6
Paul George,2022,LAC,1077.0,33.7,0.538,0.404,28.1,10.5
Payton Pritchard,2022,BOS,1001.0,18.6,0.578,0.657,20.4,7.2
Precious Achiuwa,2022,TOR,1725.0,18.5,0.503,0.259,6.9,14.9
Quentin Grimes,2022,NYK,786.0,15.1,0.565,0.804,8.5,6.4
R.J. Hampton,2022,ORL,1402.0,18.4,0.481,0.4,16.9,7.3
RJ Barrett,2022,NYK,2417.0,27.6,0.511,0.338,14.9,9.1
Rajon Rondo,2022,TOT,697.0,16.0,0.496,0.5,33.1,8.5
Raul Neto,2022,WAS,1372.0,18.4,0.538,0.272,22.9,5.4
Reggie Bullock,2022,DAL,1902.0,13.3,0.558,0.782,6.1,7.0
Reggie Jackson,2022,LAC,2337.0,27.6,0.488,0.419,24.6,6.1
Richaun Holmes,2022,SAC,1074.0,15.8,0.689,0.017,6.8,16.1
Ricky Rubio,2022,CLE,970.0,24.9,0.488,0.423,34.6,8.0
Robert Covington,2022,TOT,1940.0,13.5,0.572,0.681,6.8,11.0
Robert Williams,2022,BOS,1804.0,11.5,0.745,0.003,9.7,17.6
Robin Lopez,2022,ORL,612.0,18.9,0.57,0.03,14.4,10.9
Rodney Hood,2022,TOT,709.0,10.7,0.493,0.58,6.9,5.8
Rodney McGruder,2022,DET,754.0,14.8,0.577,0.649,9.6,8.0
Romeo Langford,2022,TOT,771.0,12.9,0.52,0.445,3.7,7.6
Royce O'Neale,2022,UTA,2406.0,9.9,0.608,0.689,10.5,8.4
Rudy Gay,2022,UTA,1038.0,19.3,0.539,0.536,7.8,12.8
Rudy Gobert,2022,UTA,2120.0,16.9,0.732,0.008,5.1,25.0
Rui Hachimura,2022,WAS,943.0,20.9,0.579,0.323,7.9,9.4
Russell Westbrook,2022,LAL,2678.0,27.3,0.512,0.215,31.6,11.6
Saben Lee,2022,DET,604.0,17.3,0.499,0.339,26.2,7.8
Saddiq Bey,2022,DET,2704.0,21.3,0.529,0.537,13.8,8.8
Scottie Barnes,2022,TOR,2617.0,19.0,0.552,0.207,14.7,11.5
Serge Ibaka,2022,TOT,877.0,17.8,0.579,0.334,8.4,15.1
Seth Curry,2022,TOT,2135.0,18.5,0.615,0.506,16.3,5.2
Shai Gilgeous-Alexander,2022,OKC,1942.0,30.8,0.557,0.282,31.1,7.4
Shake Milton,2022,PHI,1179.0,18.3,0.517,0.33,17.6,6.7
Spencer Dinwiddie,2022,TOT,1980.0,21.4,0.543,0.449,25.7,7.8
Stanley Johnson,2022,LAL,1094.0,12.5,0.564,0.418,9.8,7.6
Stephen Curry,2022,GSW,2211.0,30.8,0.601,0.613,30.4,8.3
Sterling Brown,2022,DAL,628.0,13.2,0.495,0.594,7.5,13.2
Steven Adams,2022,MEM,1999.0,12.0,0.56,0.003,16.1,19.9
Svi Mykhailiuk,2022,TOR,716.0,16.9,0.509,0.573,8.8,7.0
T.J. McConnell,2022,IND,652.0,16.2,0.525,0.159,28.7,7.7
Taj Gibson,2022,NYK,946.0,10.0,0.606,0.229,4.9,13.0
Talen Horton-Tucker,2022,LAL,1511.0,19.2,0.503,0.338,14.9,6.9
Taurean Prince,2022,MIN,1177.0,17.0,0.589,0.587,8.1,7.9
Terance Mann,2022,LAC,2317.0,16.0,0.572,0.301,13.1,9.7
Terence Davis,2022,SAC,536.0,25.6,0.543,0.558,11.9,9.5
Terrence Ross,2022,ORL,1448.0,20.5,0.515,0.477,12.5,5.9
Terry Rozier,2022,CHO,2458.0,23.2,0.566,0.508,19.7,6.8
Terry Taylor,2022,IND,714.0,15.9,0.656,0.173,8.6,13.4
Thaddeus Young,2022,TOT,845.0,17.4,0.548,0.176,17.7,13.1
Théo Maledon,2022,OKC,908.0,20.3,0.5,0.473,18.5,7.4
Tim Hardaway Jr.,2022,DAL,1245.0,22.0,0.52,0.574,11.4,7.0
Timothé Luwawu-Cabarrot,2022,ATL,685.0,14.3,0.556,0.656,7.7,6.6
Tobias Harris,2022,PHI,2543.0,21.7,0.566,0.269,15.9,10.9
Tomáš Satoranský,2022,TOT,906.0,12.6,0.461,0.277,27.0,7.7
Tony Bradley,2022,CHI,549.0,13.6,0.6,0.0,6.7,19.1
Tony Snell,2022,TOT,823.0,10.1,0.541,0.749,4.7,6.9
Torrey Craig,2022,TOT,1596.0,14.3,0.556,0.531,7.6,10.7
Trae Young,2022,ATL,2652.0,34.4,0.603,0.395,46.7,5.9
Tre Jones,2022,SAS,1148.0,15.6,0.545,0.15,27.0,7.1
Tre Mann,2022,OKC,1367.0,22.0,0.501,0.463,10.7,6.4
Trendon Watford,2022,POR,869.0,17.6,0.59,0.142,14.6,12.6
Trent Forrest,2022,UTA,765.0,12.8,0.554,0.174,18.6,7.1
Trey Lyles,2022,TOT,1537.0,20.7,0.588,0.372,9.0,13.4
Trey Murphy III,2022,NOP,864.0,15.7,0.558,0.671,6.2,9.4
Tristan Thompson,2022,TOT,897.0,17.5,0.541,0.011,5.5,17.7
Troy Brown Jr.,2022,CHI,1055.0,12.3,0.525,0.516,8.2,10.8
Ty Jerome,2022,OKC,801.0,20.8,0.488,0.567,21.3,5.0
Tyler Herro,2022,MIA,2151.0,28.8,0.561,0.391,20.9,8.7
Tyrese Haliburton,2022,TOT,2695.0,19.0,0.595,0.428,34.1,6.3
Tyrese Maxey,2022,PHI,2650.0,20.2,0.594,0.311,19.1,5.1
Tyus Jones,2022,MEM,1549.0,16.6,0.544,0.371,28.2,5.9
Vit Krejci,2022,OKC,690.0,12.9,0.529,0.587,11.9,7.5
Wayne Ellington,2022,LAL,810.0,13.8,0.593,0.89,5.0,5.1
Wendell Carter Jr.,2022,ORL,1852.0,20.9,0.601,0.313,15.4,18.5
Wesley Matthews,2022,MIL,1002.0,10.7,0.536,0.714,4.6,4.9
Will Barton,2022,DEN,2277.0,20.8,0.548,0.48,17.6,8.3
Willy Hernangómez,2022,NOP,839.0,22.5,0.582,0.037,11.9,22.3
Xavier Tillman Sr.,2022,MEM,701.0,16.4,0.51,0.227,11.6,12.0
Zach Collins,2022,SAS,502.0,19.2,0.594,0.265,16.3,16.0
Zach LaVine,2022,CHI,2328.0,28.8,0.605,0.401,20.8,7.4
Zeke Nnaji,2022,DEN,698.0,14.9,0.629,0.43,3.4,11.8
Ziaire Williams,2022,MEM,1346.0,14.9,0.559,0.571,6.3,5.0
Aaron Gordon,2021,TOT,1384.0,20.7,0.547,0.353,17.8,11.1
Aaron Holiday,2021,IND,1176.0,19.5,0.503,0.417,14.0,4.1
Aaron Nesmith,2021,BOS,669.0,13.7,0.573,0.607,4.6,10.6
Al Horford,2021,OKC,782.0,21.6,0.538,0.422,20.1,12.5
Alec Burks,2021,NYK,1255.0,21.3,0.564,0.492,13.2,9.8
Aleksej Pokusevski,2021,OKC,1090.0,20.5,0.43,0.507,13.1,10.1
Alex Caruso,2021,LAL,1216.0,14.8,0.547,0.449,18.1,7.9
Alex Len,2021,TOT,979.0,16.3,0.643,0.09,7.0,14.1
Andre Drummond,2021,TOT,1242.0,27.6,0.519,0.014,13.2,24.9
Andre Iguodala,2021,MIA,1339.0,11.2,0.519,0.734,14.3,9.4
Andrew Wiggins,2021,GSW,2364.0,23.3,0.568,0.348,10.9,7.8
Anfernee Simons,2021,POR,1104.0,18.3,0.589,0.703,11.4,6.8
Anthony Davis,2021,LAL,1162.0,29.2,0.556,0.163,16.4,13.8
Anthony Edwards,2021,MIN,2314.0,27.0,0.523,0.429,14.6,7.9
Armoni Brooks,2021,HOU,520.0,17.9,0.565,0.818,8.7,7.0
Aron Baynes,2021,TOR,980.0,16.2,0.503,0.339,7.0,15.3
Austin Rivers,2021,TOT,845.0,15.4,0.551,0.608,13.2,5.4
Avery Bradley,2021,TOT,602.0,14.9,0.487,0.591,10.8,5.2
Bam Adebayo,2021,MIA,2143.0,23.7,0.626,0.01,26.9,15.3
Ben McLemore,2021,TOT,905.0,20.4,0.523,0.767,6.4,6.0
Ben Simmons,2021,PHI,1877.0,20.2,0.584,0.017,31.3,12.2
Bismack Biyombo,2021,CHO,1349.0,11.5,0.574,0.004,8.3,13.9
Blake Griffin,2021,TOT,1186.0,19.3,0.546,0.499,17.0,10.5
Bobby Portis,2021,MIL,1372.0,20.9,0.598,0.263,7.4,17.9
Bogdan Bogdanović,2021,ATL,1305.0,21.3,0.616,0.589,17.6,6.7
Bojan Bogdanović,2021,UTA,2216.0,22.8,0.588,0.498,9.1,6.7
Brad Wanamaker,2021,TOT,1053.0,16.9,0.489,0.284,22.5,5.3
Bradley Beal,2021,WAS,2147.0,34.1,0.593,0.27,21.3,7.0
Brandon Clarke,2021,MEM,1415.0,17.2,0.56,0.156,9.5,12.3
Brandon Goodwin,2021,ATL,620.0,19.5,0.471,0.462,21.6,6.1
Brandon Ingram,2021,NOP,2093.0,28.0,0.584,0.341,22.4,7.8
Brook Lopez,2021,MIL,1902.0,16.9,0.611,0.439,3.5,9.6
Bruce Brown,2021,BRK,1451.0,15.9,0.604,0.139,9.8,13.3
Bryn Forbes,2021,MIL,1354.0,18.5,0.631,0.645,4.5,4.3
Buddy Hield,2021,SAC,2433.0,20.7,0.567,0.727,14.7,7.6
CJ McCollum,2021,POR,1600.0,27.1,0.577,0.475,23.0,6.2
Caleb Martin,2021,CHO,818.0,16.7,0.465,0.488,11.5,9.3
Cam Reddish,2021,ATL,750.0,19.3,0.488,0.479,6.5,7.6
Cameron Johnson,2021,PHO,1437.0,17.0,0.563,0.694,8.0,7.9
Cameron Payne,2021,PHO,1079.0,19.8,0.602,0.42,28.1,7.6
Caris LeVert,2021,TOT,1486.0,28.7,0.531,0.317,25.4,7.8
Carmelo Anthony,2021,POR,1690.0,23.1,0.547,0.418,9.2,6.8
Cedi Osman,2021,CLE,1510.0,20.4,0.488,0.553,17.7,7.5
Chasson Randle,2021,ORL,837.0,15.7,0.515,0.549,12.9,5.1
Chris Boucher,2021,TOR,1453.0,20.5,0.634,0.42,6.9,15.3
Chris Paul,2021,PHO,2199.0,22.6,0.599,0.294,40.9,8.0
Christian Wood,2021,HOU,1326.0,25.9,0.591,0.322,9.4,15.9
Chuma Okeke,2021,ORL,1133.0,14.5,0.511,0.435,13.2,8.3
Clint Capela,2021,ATL,1898.0,19.9,0.601,0.0,4.1,26.1
Coby White,2021,CHI,2156.0,22.5,0.54,0.503,21.8,7.3
Cody Martin,2021,CHO,849.0,12.5,0.5,0.309,13.9,10.3
Cody Zeller,2021,CHO,1005.0,18.3,0.599,0.086,13.2,17.7
Cole Anthony,2021,ORL,1273.0,24.3,0.496,0.312,24.2,9.0
Collin Sexton,2021,CLE,2115.0,29.7,0.573,0.239,22.6,4.9
Cory Joseph,2021,TOT,1446.0,16.3,0.556,0.31,21.4,6.1
D'Angelo Russell,2021,MIN,1196.0,29.1,0.555,0.475,33.6,5.0
D.J. Augustin,2021,TOT,1129.0,16.8,0.57,0.633,22.2,4.4
Damian Jones,2021,TOT,547.0,12.3,0.712,0.049,7.0,12.3
Damian Lillard,2021,POR,2398.0,31.4,0.623,0.528,34.6,6.3
Damion Lee,2021,GSW,1079.0,12.8,0.636,0.708,9.1,8.9
Damyean Dotson,2021,CLE,907.0,16.9,0.499,0.543,15.1,5.7
Daniel Gafford,2021,TOT,791.0,16.7,0.697,0.0,5.3,15.8
Daniel Theis,2021,TOT,1601.0,15.6,0.609,0.326,9.5,12.4
Danilo Gallinari,2021,ATL,1222.0,21.2,0.613,0.535,9.2,9.5
Danny Green,2021,PHI,1934.0,14.0,0.582,0.794,8.3,7.4
Danuel House Jr.,2021,HOU,932.0,15.3,0.525,0.574,10.6,7.5
Dario Šarić,2021,PHO,871.0,22.6,0.567,0.395,10.4,12.4
Darius Bazley,2021,OKC,1714.0,22.1,0.491,0.414,8.9,12.0
Darius Garland,2021,CLE,1790.0,24.9,0.547,0.332,30.9,4.0
David Nwaba,2021,HOU,679.0,16.6,0.557,0.289,6.9,9.3
De'Aaron Fox,2021,SAC,2036.0,31.0,0.565,0.288,32.7,5.5
De'Andre Hunter,2021,ATL,678.0,20.2,0.603,0.383,9.7,8.9
De'Anthony Melton,2021,MEM,1045.0,19.5,0.568,0.537,17.5,8.2
DeAndre Jordan,2021,BRK,1246.0,13.1,0.736,0.004,10.1,18.9
DeAndre' Bembry,2021,TOR,972.0,14.6,0.57,0.232,15.6,8.3
DeMar DeRozan,2021,SAS,2056.0,26.1,0.591,0.08,32.0,6.7
DeMarcus Cousins,2021,TOT,713.0,24.5,0.537,0.443,16.3,20.0
Dean Wade,2021,CLE,1212.0,12.9,0.573,0.685,8.9,9.9
Deandre Ayton,2021,PHO,2115.0,18.2,0.653,0.029,6.8,19.5
Dejounte Murray,2021,SAS,2139.0,23.4,0.509,0.204,25.9,11.8
Delon Wright,2021,TOT,1748.0,16.3,0.562,0.332,23.0,8.6
Deni Avdija,2021,WAS,1257.0,12.0,0.515,0.538,6.3,11.0
Dennis Schröder,2021,LAL,1956.0,22.9,0.543,0.279,26.9,6.1
Denzel Valentine,2021,CHI,1036.0,19.5,0.479,0.582,14.0,10.5
Derrick Favors,2021,UTA,1039.0,13.0,0.663,0.008,6.0,19.2
Derrick Jones Jr.,2021,POR,1318.0,12.3,0.576,0.447,4.8,8.3
Derrick Rose,2021,TOT,1279.0,25.8,0.55,0.211,28.0,5.5
Derrick White,2021,SAS,1064.0,22.4,0.55,0.536,17.4,5.4
Desmond Bane,2021,MEM,1519.0,16.1,0.6,0.543,10.6,7.3
Devin Booker,2021,PHO,2270.0,32.7,0.587,0.288,20.6,7.0
Devin Vassell,2021,SAS,1056.0,14.3,0.524,0.495,7.1,8.8
Devonte' Graham,2021,CHO,1659.0,21.4,0.552,0.713,26.3,4.8
Dillon Brooks,2021,MEM,1997.0,26.1,0.515,0.361,11.7,5.2
Domantas Sabonis,2021,IND,2231.0,24.1,0.601,0.179,27.5,18.0
Donovan Mitchell,2021,UTA,1771.0,33.5,0.569,0.423,26.7,7.0
Donte DiVincenzo,2021,MIL,1814.0,16.7,0.542,0.574,14.2,11.0
Dorian Finney-Smith,2021,DAL,1921.0,12.2,0.609,0.648,7.2,9.3
Doug McDermott,2021,IND,1619.0,20.0,0.635,0.43,7.8,7.4
Draymond Green,2021,GSW,1982.0,13.1,0.53,0.332,36.4,12.1
Drew Eubanks,2021,SAS,755.0,17.1,0.618,0.01,7.9,17.0
Duncan Robinson,2021,MIA,2262.0,16.6,0.628,0.855,8.3,6.3
Dwayne Bacon,2021,ORL,1853.0,19.8,0.49,0.285,7.9,6.3
Dwight Howard,2021,PHI,1196.0,18.2,0.61,0.066,7.2,26.7
Dwight Powell,2021,DAL,966.0,13.2,0.688,0.108,8.9,13.3
Dylan Windler,2021,CLE,513.0,14.8,0.567,0.592,9.4,11.7
Dāvis Bertāns,2021,WAS,1464.0,15.9,0.62,0.895,4.4,6.1
Edmond Sumner,2021,IND,861.0,18.3,0.626,0.312,7.9,5.9
Elfrid Payton,2021,NYK,1484.0,23.2,0.478,0.158,21.6,7.9
Enes Freedom,2021,POR,1758.0,17.4,0.636,0.007,7.2,24.2
Eric Bledsoe,2021,NOP,2111.0,18.5,0.533,0.486,17.3,6.3
Eric Gordon,2021,HOU,789.0,25.2,0.577,0.572,14.6,3.9
Eric Paschall,2021,GSW,695.0,23.5,0.561,0.181,11.4,9.8
Evan Fournier,2021,TOT,1259.0,23.1,0.598,0.523,18.6,5.4
Facundo Campazzo,2021,DEN,1425.0,13.1,0.558,0.686,20.2,5.3
Frank Jackson,2021,DET,738.0,21.3,0.598,0.512,7.9,6.5
Frank Kaminsky,2021,PHO,715.0,19.0,0.547,0.331,15.3,14.9
Fred VanVleet,2021,TOR,1899.0,23.9,0.534,0.547,26.7,6.4
Furkan Korkmaz,2021,PHI,1062.0,20.5,0.544,0.634,11.1,5.9
Gabe Vincent,2021,MIA,655.0,19.1,0.498,0.639,15.1,4.9
Garrett Temple,2021,CHI,1528.0,13.1,0.525,0.525,10.5,5.8
Garrison Mathews,2021,WAS,1038.0,11.5,0.635,0.835,3.1,4.4
Gary Clark,2021,TOT,654.0,10.1,0.436,0.818,6.4,9.1
Gary Harris,2021,TOT,1080.0,16.7,0.511,0.409,10.3,4.0
Gary Trent Jr.,2021,TOT,1802.0,20.9,0.534,0.546,6.6,4.6
George Hill,2021,TOT,672.0,15.9,0.596,0.406,16.0,4.9
Georges Niang,2021,UTA,1154.0,17.4,0.602,0.721,7.3,8.1
Giannis Antetokounmpo,2021,MIL,2013.0,32.5,0.633,0.201,28.7,17.5
Goga Bitadze,2021,IND,561.0,18.1,0.523,0.407,8.9,14.5
Goran Dragić,2021,MIA,1337.0,24.5,0.552,0.44,25.9,7.2
Gordon Hayward,2021,CHO,1496.0,23.9,0.584,0.312,19.5,9.3
Gorgui Dieng,2021,TOT,552.0,17.4,0.67,0.429,12.0,13.5
Grant Williams,2021,BOS,1138.0,12.3,0.546,0.522,7.4,8.7
Grayson Allen,2021,MEM,1259.0,16.8,0.586,0.662,11.5,6.7
Hamidou Diallo,2021,TOT,1226.0,22.2,0.541,0.174,13.3,11.9
Harrison Barnes,2021,SAC,2102.0,17.2,0.626,0.399,13.0,10.2
Hassan Whiteside,2021,SAC,546.0,23.5,0.566,0.004,5.6,21.9
Immanuel Quickley,2021,NYK,1243.0,25.6,0.557,0.522,16.2,6.0
Isaac Okoro,2021,CLE,2173.0,14.3,0.514,0.383,8.6,5.3
Isaiah Hartenstein,2021,TOT,559.0,19.2,0.583,0.035,15.3,18.2
Isaiah Roby,2021,OKC,1425.0,17.7,0.555,0.254,11.4,12.4
Isaiah Stewart,2021,DET,1455.0,15.5,0.597,0.154,6.3,17.3
Ish Smith,2021,WAS,924.0,15.8,0.473,0.165,24.7,8.6
Ivica Zubac,2021,LAC,1609.0,15.1,0.693,0.01,7.9,18.1
J.J. Redick,2021,TOT,723.0,19.2,0.564,0.667,9.7,4.8
Ja Morant,2021,MEM,2053.0,27.2,0.537,0.252,33.5,6.5
JaMychal Green,2021,DEN,1120.0,17.6,0.59,0.529,6.4,14.0
JaVale McGee,2021,TOT,678.0,23.9,0.541,0.085,9.7,19.8
Jaden McDaniels,2021,MIN,1511.0,12.0,0.552,0.54,6.4,8.3
Jae Crowder,2021,PHO,1648.0,15.7,0.574,0.772,10.0,9.7
Jae'Sean Tate,2021,HOU,2043.0,16.4,0.576,0.312,13.2,9.8
Jake Layman,2021,MIN,627.0,15.1,0.577,0.424,6.4,5.8
Jakob Poeltl,2021,SAS,1845.0,13.4,0.612,0.0,10.1,15.8
Jalen Brunson,2021,DAL,1697.0,20.2,0.618,0.319,21.3,7.5
Jalen McDaniels,2021,CHO,904.0,17.0,0.554,0.37,8.6,10.1
Jamal Murray,2021,DEN,1704.0,24.8,0.592,0.399,20.3,6.5
James Ennis III,2021,ORL,986.0,13.9,0.613,0.428,9.3,8.7
James Harden,2021,TOT,1609.0,28.4,0.618,0.455,44.4,11.9
James Johnson,2021,TOT,1043.0,17.1,0.51,0.367,12.9,9.3
James Wiseman,2021,GSW,836.0,23.8,0.552,0.103,4.9,14.4
Jarred Vanderbilt,2021,MIN,1139.0,12.3,0.612,0.021,9.3,17.5
Jarrett Allen,2021,TOT,1864.0,16.6,0.661,0.039,8.7,18.9
Jaxson Hayes,2021,NOP,964.0,16.2,0.675,0.05,5.2,14.5
Jaylen Brown,2021,BOS,1999.0,29.7,0.586,0.37,16.5,9.7
Jaylen Nowell,2021,MIN,759.0,21.4,0.528,0.448,12.5,6.8
Jayson Tatum,2021,BOS,2290.0,30.8,0.576,0.368,20.3,11.5
Jeff Green,2021,BRK,1835.0,15.6,0.624,0.472,7.8,7.9
Jeff Teague,2021,TOT,950.0,17.7,0.562,0.289,18.3,5.1
Jerami Grant,2021,DET,1829.0,28.5,0.556,0.353,14.3,7.6
Jeremy Lamb,2021,IND,765.0,18.4,0.587,0.464,9.4,9.3
Jevon Carter,2021,PHO,717.0,15.0,0.548,0.677,13.0,7.3
Jimmy Butler,2021,MIA,1745.0,26.6,0.607,0.139,35.1,11.8
Joe Harris,2021,BRK,2141.0,16.2,0.663,0.628,8.4,6.4
Joe Ingles,2021,UTA,1867.0,16.6,0.672,0.722,24.0,6.9
Joel Embiid,2021,PHI,1585.0,35.3,0.636,0.171,16.2,18.7
John Collins,2021,ATL,1848.0,22.2,0.645,0.27,6.9,13.8
John Konchar,2021,MEM,575.0,12.4,0.608,0.406,10.7,11.8
John Wall,2021,HOU,1288.0,31.7,0.503,0.343,36.2,5.3
Jonas Valančiūnas,2021,MEM,1755.0,22.4,0.636,0.077,10.0,23.4
Jordan Clarkson,2021,UTA,1818.0,29.7,0.549,0.557,15.3,8.0
Jordan McLaughlin,2021,MIN,938.0,13.7,0.502,0.38,28.0,6.2
Jordan Poole,2021,GSW,988.0,25.0,0.581,0.582,15.4,5.0
Josh Hart,2021,NOP,1349.0,13.5,0.566,0.561,10.6,15.2
Josh Jackson,2021,DET,1560.0,26.5,0.516,0.364,15.1,9.1
Josh Okogie,2021,MIN,1197.0,12.1,0.524,0.425,7.0,7.1
Josh Richardson,2021,DAL,1790.0,18.4,0.537,0.432,12.1,6.0
Jrue Holiday,2021,MIL,1907.0,22.2,0.592,0.344,26.3,7.4
Juan Toscano-Anderson,2021,GSW,1107.0,11.0,0.676,0.44,18.1,11.3
Juancho Hernangómez,2021,MIN,900.0,17.2,0.549,0.562,5.6,12.3
Julius Randle,2021,NYK,2667.0,29.3,0.567,0.294,27.2,14.7
Justin Holiday,2021,IND,2183.0,14.0,0.571,0.725,7.0,6.4
Justin Jackson,2021,TOT,577.0,19.8,0.516,0.529,13.9,6.9
Justise Winslow,2021,MEM,507.0,21.9,0.395,0.257,13.3,12.3
Jusuf Nurkić,2021,POR,880.0,22.3,0.554,0.09,21.4,20.2
Karl-Anthony Towns,2021,MIN,1689.0,29.1,0.612,0.36,22.6,17.0
Kawhi Leonard,2021,LAC,1773.0,28.6,0.622,0.28,24.9,10.7
Keldon Johnson,2021,SAS,1968.0,19.2,0.557,0.257,8.9,11.1
Kelly Olynyk,2021,TOT,1997.0,19.7,0.61,0.528,16.0,13.6
Kelly Oubre Jr.,2021,GSW,1687.0,22.1,0.529,0.394,6.5,10.4
Kemba Walker,2021,BOS,1369.0,26.1,0.559,0.522,23.8,6.9
Kendrick Nunn,2021,MIA,1650.0,20.9,0.596,0.486,14.5,6.2
Kenrich Williams,2021,OKC,1426.0,15.3,0.599,0.285,16.4,10.0
Kent Bazemore,2021,GSW,1333.0,16.3,0.564,0.469,11.1,9.1
Kentavious Caldwell-Pope,2021,LAL,1902.0,14.2,0.588,0.579,9.2,5.3
Kenyon Martin Jr.,2021,HOU,1068.0,15.6,0.59,0.302,6.8,12.1
Kevin Durant,2021,BRK,1157.0,31.2,0.666,0.313,27.5,11.8
Kevin Huerter,2021,ATL,2126.0,17.2,0.541,0.528,16.3,6.0
Kevin Love,2021,CLE,622.0,21.9,0.556,0.619,16.0,16.7
Kevin Porter Jr.,2021,HOU,835.0,25.4,0.528,0.439,31.2,6.3
Kevon Looney,2021,GSW,1161.0,9.4,0.575,0.086,13.4,14.8
Khem Birch,2021,TOT,1529.0,13.6,0.552,0.137,8.5,13.4
Khris Middleton,2021,MIL,2269.0,25.0,0.588,0.34,23.2,9.4
Killian Hayes,2021,DET,670.0,19.0,0.422,0.358,29.7,5.7
Kira Lewis Jr.,2021,NOP,904.0,18.3,0.477,0.356,18.7,4.3
Kristaps Porziņģis,2021,DAL,1327.0,26.5,0.582,0.378,8.4,15.8
Kyle Anderson,2021,MEM,1887.0,18.5,0.578,0.397,18.3,11.1
Kyle Kuzma,2021,LAL,1954.0,20.3,0.546,0.502,9.8,12.0
Kyle Lowry,2021,TOR,1601.0,21.4,0.593,0.555,31.8,8.5
Kyrie Irving,2021,BRK,1886.0,30.4,0.614,0.348,28.6,7.5
LaMarcus Aldridge,2021,TOT,674.0,22.2,0.556,0.27,11.0,9.4
LaMelo Ball,2021,CHO,1469.0,26.1,0.539,0.388,33.9,11.1
Landry Shamet,2021,BRK,1403.0,16.7,0.578,0.73,9.3,4.4
Larry Nance Jr.,2021,CLE,1091.0,13.9,0.557,0.419,14.4,12.1
Lauri Markkanen,2021,CHI,1317.0,20.2,0.619,0.568,5.0,11.3
LeBron James,2021,LAL,1504.0,31.9,0.602,0.346,41.8,12.9
Lonnie Walker IV,2021,SAS,1522.0,20.1,0.523,0.463,9.6,5.4
Lonzo Ball,2021,NOP,1747.0,20.5,0.551,0.65,25.4,8.2
Lou Williams,2021,TOT,1423.0,25.7,0.519,0.268,23.4,5.4
Luguentz Dort,2021,OKC,1543.0,21.7,0.513,0.515,8.8,6.4
Luka Dončić,2021,DAL,2262.0,36.0,0.587,0.406,44.1,12.8
Luke Kennard,2021,LAC,1232.0,17.1,0.608,0.541,11.9,7.3
Malachi Flynn,2021,TOR,928.0,19.0,0.484,0.494,21.4,6.9
Malcolm Brogdon,2021,IND,1930.0,25.9,0.561,0.382,25.7,8.3
Malik Beasley,2021,MIN,1214.0,24.0,0.57,0.535,11.6,7.2
Malik Monk,2021,CHO,878.0,23.8,0.569,0.531,15.7,6.2
Marc Gasol,2021,LAL,993.0,11.8,0.606,0.629,14.7,12.2
Marcus Morris,2021,LAC,1502.0,20.1,0.614,0.507,5.6,8.8
Marcus Smart,2021,BOS,1581.0,18.4,0.539,0.553,23.6,5.9
Markieff Morris,2021,LAL,1200.0,16.4,0.509,0.553,8.6,12.5
Marvin Bagley III,2021,SAC,1112.0,23.5,0.554,0.22,5.8,15.9
Mason Plumlee,2021,DET,1499.0,16.3,0.638,0.018,21.0,19.3
Matisse Thybulle,2021,PHI,1298.0,9.4,0.508,0.588,6.3,5.3
Maurice Harkless,2021,TOT,772.0,11.5,0.527,0.509,7.3,6.4
Max Strus,2021,MIA,507.0,18.3,0.597,0.791,7.3,4.6
Maxi Kleber,2021,DAL,1341.0,10.6,0.606,0.771,6.6,10.7
Michael Carter-Williams,2021,ORL,800.0,20.2,0.449,0.226,24.3,9.0
Michael Porter Jr.,2021,DEN,1912.0,21.7,0.663,0.468,5.6,13.2
Mikal Bridges,2021,PHO,2348.0,14.9,0.667,0.471,8.8,7.5
Mike Conley,2021,UTA,1498.0,23.1,0.589,0.523,30.6,6.3
Mike Muscala,2021,OKC,645.0,20.0,0.599,0.689,7.0,10.6
Mike Scott,2021,PHI,852.0,11.9,0.492,0.735,6.1,7.8
Miles Bridges,2021,CHO,1932.0,17.3,0.625,0.466,11.4,11.1
Mitchell Robinson,2021,NYK,853.0,11.8,0.642,0.0,2.9,16.0
Miye Oni,2021,UTA,519.0,9.8,0.517,0.889,6.8,8.6
Mo Bamba,2021,ORL,725.0,21.8,0.556,0.392,8.1,19.0
Monte Morris,2021,DEN,1196.0,16.5,0.574,0.346,17.1,4.6
Montrezl Harrell,2021,LAL,1580.0,21.7,0.65,0.017,7.7,15.2
Moritz Wagner,2021,TOT,722.0,18.1,0.58,0.397,9.7,10.7
Moses Brown,2021,OKC,920.0,16.9,0.572,0.0,1.7,21.6
Mychal Mulder,2021,GSW,766.0,16.2,0.613,0.808,4.8,4.2
Myles Turner,2021,IND,1455.0,16.4,0.599,0.477,4.4,11.4
Naji Marshall,2021,NOP,700.0,16.8,0.508,0.397,16.5,11.5
Nassir Little,2021,POR,640.0,13.8,0.589,0.479,4.9,10.7
Naz Reid,2021,MIN,1347.0,22.5,0.599,0.299,8.7,12.9
Nemanja Bjelica,2021,TOT,595.0,18.4,0.554,0.434,16.2,11.9
Nerlens Noel,2021,NYK,1547.0,9.2,0.638,0.013,4.1,14.3
Nic Claxton,2021,BRK,594.0,14.0,0.612,0.034,6.4,15.4
Nickeil Alexander-Walker,2021,NOP,1007.0,23.2,0.522,0.478,14.7,7.8
Nicolas Batum,2021,LAC,1835.0,11.8,0.617,0.66,10.5,9.7
Nicolò Melli,2021,TOT,566.0,12.5,0.441,0.603,9.8,11.8
Nikola Jokić,2021,DEN,2488.0,29.6,0.647,0.183,40.4,17.8
Nikola Vučević,2021,TOT,2348.0,29.3,0.56,0.315,21.3,18.5
Norman Powell,2021,TOT,2205.0,22.6,0.618,0.453,9.2,5.3
OG Anunoby,2021,TOR,1433.0,19.3,0.605,0.503,10.1,9.1
Obi Toppin,2021,NYK,683.0,15.9,0.574,0.407,6.4,11.0
Onyeka Okongwu,2021,ATL,601.0,14.7,0.655,0.02,4.4,14.9
Oshae Brissett,2021,IND,519.0,15.6,0.638,0.517,4.6,12.0
Otto Porter Jr.,2021,TOT,606.0,19.3,0.552,0.458,12.9,13.8
P.J. Tucker,2021,TOT,1356.0,7.2,0.51,0.672,5.7,8.0
P.J. Washington,2021,CHO,1954.0,19.4,0.549,0.423,12.2,11.6
PJ Dozier,2021,DEN,1088.0,17.2,0.501,0.42,11.2,9.5
Pascal Siakam,2021,TOR,2006.0,26.3,0.547,0.256,20.5,11.1
Pat Connaughton,2021,MIL,1575.0,11.6,0.578,0.703,6.3,11.1
Patrick Beverley,2021,LAC,832.0,14.6,0.58,0.641,12.0,8.0
Patrick Patterson,2021,LAC,582.0,14.0,0.571,0.679,6.7,7.2
Patrick Williams,2021,CHI,1983.0,14.9,0.562,0.261,6.7,9.1
Patty Mills,2021,SAS,1685.0,18.4,0.57,0.702,13.5,3.7
Paul George,2021,LAC,1821.0,30.0,0.598,0.437,24.6,11.1
Paul Millsap,2021,DEN,1162.0,18.6,0.565,0.357,11.6,12.8
Payton Pritchard,2021,BOS,1268.0,16.7,0.582,0.593,13.3,6.9
Precious Achiuwa,2021,MIA,737.0,19.5,0.55,0.004,6.1,16.1
R.J. Hampton,2021,TOT,888.0,19.6,0.507,0.278,15.2,10.7
RJ Barrett,2021,NYK,2511.0,23.4,0.535,0.292,13.8,8.9
Rajon Rondo,2021,TOT,770.0,17.2,0.544,0.414,35.3,7.9
Raul Neto,2021,WAS,1403.0,15.8,0.575,0.367,14.0,5.9
Reggie Bullock,2021,NYK,1949.0,14.4,0.606,0.709,7.4,6.2
Reggie Jackson,2021,LAC,1544.0,19.9,0.576,0.482,19.0,7.0
Richaun Holmes,2021,SAC,1782.0,17.5,0.669,0.019,8.3,15.7
Ricky Rubio,2021,MIN,1772.0,16.0,0.516,0.43,33.3,6.8
Robert Covington,2021,POR,2243.0,11.5,0.553,0.699,6.8,11.1
Robert Williams,2021,BOS,985.0,15.0,0.719,0.008,14.2,20.2
Robin Lopez,2021,WAS,1354.0,17.1,0.661,0.042,5.9,10.6
Rodney Hood,2021,TOT,942.0,14.1,0.452,0.435,7.5,5.9
Royce O'Neale,2021,UTA,2241.0,9.6,0.599,0.706,10.4,11.5
Rudy Gay,2021,SAS,1358.0,23.6,0.532,0.443,9.7,11.9
Rudy Gobert,2021,UTA,2187.0,17.0,0.683,0.007,6.0,23.3
Rui Hachimura,2021,WAS,1797.0,18.1,0.549,0.211,6.3,9.2
Russell Westbrook,2021,WAS,2369.0,30.2,0.509,0.221,48.6,16.8
Saben Lee,2021,DET,781.0,17.0,0.536,0.11,33.2,6.9
Saddiq Bey,2021,DET,1909.0,18.7,0.567,0.666,7.6,9.3
Sekou Doumbouya,2021,DET,869.0,17.8,0.459,0.408,8.0,9.2
Semi Ojeleye,2021,BOS,950.0,11.6,0.553,0.715,5.1,8.6
Serge Ibaka,2021,LAC,955.0,20.1,0.585,0.315,11.5,16.2
Seth Curry,2021,PHI,1638.0,17.1,0.607,0.507,13.6,4.6
Shai Gilgeous-Alexander,2021,OKC,1180.0,27.8,0.623,0.301,31.2,7.3
Shake Milton,2021,PHI,1461.0,24.9,0.549,0.304,20.3,5.6
Solomon Hill,2021,ATL,1513.0,10.4,0.498,0.711,6.4,7.7
Stanley Johnson,2021,TOR,1006.0,13.4,0.519,0.588,12.0,8.4
Stephen Curry,2021,GSW,2152.0,34.8,0.655,0.587,30.5,8.5
Sterling Brown,2021,HOU,1229.0,13.5,0.597,0.642,8.4,9.7
Steven Adams,2021,NOP,1605.0,11.7,0.596,0.01,9.1,17.4
Svi Mykhailiuk,2021,TOT,1324.0,20.0,0.529,0.621,12.9,6.6
T.J. McConnell,2021,IND,1796.0,15.3,0.583,0.098,34.3,7.7
Taj Gibson,2021,NYK,936.0,9.7,0.661,0.095,5.4,14.5
Talen Horton-Tucker,2021,LAL,1304.0,21.7,0.536,0.268,20.8,7.3
Taurean Prince,2021,TOT,905.0,19.6,0.54,0.474,12.8,8.8
Terance Mann,2021,LAC,1263.0,15.1,0.603,0.26,11.3,10.8
Terence Davis,2021,TOT,1074.0,21.8,0.555,0.586,11.4,7.9
Terrence Ross,2021,ORL,1347.0,24.1,0.53,0.429,13.2,6.1
Terry Rozier,2021,CHO,2383.0,24.4,0.575,0.504,20.0,6.9
Thaddeus Young,2021,CHI,1652.0,22.3,0.578,0.068,27.1,14.2
Thanasis Antetokounmpo,2021,MIL,551.0,15.3,0.523,0.212,10.3,11.8
Théo Maledon,2021,OKC,1778.0,19.4,0.489,0.51,18.8,6.2
Tim Hardaway Jr.,2021,DAL,1985.0,23.4,0.589,0.581,9.8,6.4
Timothé Luwawu-Cabarrot,2021,BRK,1050.0,17.4,0.493,0.671,8.6,6.8
Tobias Harris,2021,PHI,2014.0,23.9,0.597,0.225,17.6,11.4
Tomáš Satoranský,2021,CHI,1307.0,15.2,0.614,0.359,27.9,6.0
Tony Bradley,2021,TOT,684.0,15.8,0.678,0.015,8.5,18.6
Tony Snell,2021,ATL,992.0,8.6,0.708,0.637,7.9,6.2
Torrey Craig,2021,TOT,803.0,14.3,0.579,0.467,7.9,13.7
Trae Young,2021,ATL,2125.0,33.0,0.589,0.357,45.5,6.3
Trevor Ariza,2021,MIA,841.0,15.1,0.542,0.593,9.4,9.8
Trey Burke,2021,DAL,911.0,20.0,0.544,0.465,12.9,3.3
Tristan Thompson,2021,BOS,1287.0,14.8,0.54,0.009,7.2,19.0
Troy Brown Jr.,2021,TOT,524.0,14.0,0.525,0.486,7.2,10.8
Ty Jerome,2021,OKC,788.0,18.8,0.585,0.585,23.7,6.0
Tyler Herro,2021,MIA,1635.0,23.5,0.543,0.425,18.0,9.4
Tyler Johnson,2021,BRK,684.0,13.3,0.546,0.721,8.7,6.2
Tyrese Haliburton,2021,SAC,1746.0,18.1,0.585,0.478,24.6,5.5
Tyrese Maxey,2021,PHI,935.0,23.0,0.531,0.24,19.9,6.1
Tyus Jones,2021,MEM,1222.0,16.6,0.511,0.339,28.6,6.1
Victor Oladipo,2021,TOT,1080.0,28.5,0.512,0.415,22.8,8.0
Wayne Ellington,2021,DET,1012.0,16.7,0.625,0.814,10.2,4.7
Wendell Carter Jr.,2021,TOT,1375.0,19.3,0.566,0.112,11.2,17.4
Wes Iwundu,2021,TOT,539.0,10.8,0.428,0.402,4.2,9.1
Wesley Matthews,2021,LAL,1130.0,11.4,0.517,0.782,6.3,4.6
Will Barton,2021,DEN,1736.0,19.0,0.538,0.423,14.1,7.4
Willie Cauley-Stein,2021,DAL,906.0,12.0,0.647,0.06,5.3,14.3
Willy Hernangómez,2021,NOP,846.0,17.0,0.591,0.037,8.5,21.4
Xavier Tillman Sr.,2021,MEM,1085.0,14.3,0.605,0.217,9.4,12.5
Yuta Watanabe,2021,TOR,723.0,12.7,0.565,0.5,7.7,12.1
Zach LaVine,2021,CHI,2034.0,31.0,0.634,0.425,23.4,7.9
Zion Williamson,2021,NOP,2026.0,29.8,0.649,0.033,19.7,11.8
Aaron Gordon,2020,ORL,2017.0,20.7,0.516,0.309,17.4,12.7
Aaron Holiday,2020,IND,1617.0,18.7,0.521,0.393,19.1,5.3
Abdel Nader,2020,OKC,867.0,17.0,0.591,0.487,6.4,6.4
Al Horford,2020,PHI,2025.0,17.5,0.536,0.399,19.2,12.4
Alec Burks,2020,TOT,1754.0,23.8,0.561,0.392,17.2,8.7
Alex Caruso,2020,LAL,1175.0,13.8,0.525,0.412,13.6,5.7
Alex Len,2020,TOT,970.0,18.1,0.6,0.185,7.9,18.0
Alfonzo McKinnie,2020,CLE,593.0,15.2,0.493,0.38,3.3,10.6
Allen Crabbe,2020,TOT,653.0,12.7,0.47,0.672,6.8,6.3
Andre Drummond,2020,TOT,1879.0,25.9,0.553,0.045,13.6,26.0
Andrew Wiggins,2020,TOT,1858.0,27.4,0.536,0.342,18.1,7.8
Anfernee Simons,2020,POR,1449.0,18.7,0.502,0.422,9.2,5.5
Anthony Davis,2020,LAL,2131.0,29.3,0.61,0.199,15.1,14.8
Anthony Tolliver,2020,TOT,872.0,11.1,0.513,0.797,6.0,9.3
Aron Baynes,2020,PHO,934.0,21.1,0.581,0.441,10.9,14.1
Austin Rivers,2020,HOU,1594.0,15.6,0.542,0.539,10.0,5.8
Avery Bradley,2020,LAL,1186.0,15.7,0.537,0.452,7.2,5.3
Bam Adebayo,2020,MIA,2417.0,21.2,0.598,0.018,24.2,17.0
Ben McLemore,2020,HOU,1619.0,16.0,0.622,0.829,5.2,5.1
Ben Simmons,2020,PHI,2017.0,20.9,0.602,0.011,33.8,12.2
Bismack Biyombo,2020,CHO,1029.0,16.8,0.57,0.0,7.8,16.3
Blake Griffin,2020,DET,512.0,28.4,0.476,0.444,18.0,9.3
Bobby Portis,2020,NYK,1393.0,21.4,0.53,0.317,11.1,12.9
Bogdan Bogdanović,2020,SAC,1766.0,22.6,0.565,0.576,18.0,6.6
Bojan Bogdanović,2020,UTA,2083.0,25.5,0.603,0.489,10.0,6.8
Brad Wanamaker,2020,BOS,1369.0,15.5,0.577,0.282,17.8,5.6
Bradley Beal,2020,WAS,2053.0,34.4,0.579,0.369,29.5,6.4
Brandon Clarke,2020,MEM,1300.0,18.7,0.663,0.134,9.5,14.0
Brandon Ingram,2020,NOP,2104.0,28.1,0.587,0.35,19.3,9.6
Brook Lopez,2020,MIL,1817.0,18.3,0.551,0.484,7.4,8.5
Bruce Brown,2020,DET,1634.0,16.0,0.518,0.215,20.4,9.5
Bruno Fernando,2020,ATL,713.0,15.3,0.542,0.186,9.9,15.0
Bryn Forbes,2020,SAS,1579.0,18.5,0.57,0.656,9.5,4.3
Buddy Hield,2020,SAC,2216.0,27.2,0.566,0.592,15.5,8.3
CJ McCollum,2020,POR,2556.0,25.9,0.541,0.378,19.1,6.1
Cam Reddish,2020,ATL,1551.0,18.9,0.5,0.451,8.0,7.5
Cameron Johnson,2020,PHO,1255.0,15.7,0.586,0.672,7.7,8.3
Caris LeVert,2020,BRK,1330.0,29.5,0.514,0.301,25.0,7.4
Carmelo Anthony,2020,POR,1902.0,21.2,0.525,0.289,6.4,10.1
Cedi Osman,2020,CLE,1910.0,16.6,0.552,0.527,11.6,6.7
Chandler Hutchison,2020,CHI,527.0,19.1,0.521,0.217,7.4,11.3
Chris Boucher,2020,TOR,819.0,19.7,0.587,0.395,4.8,17.9
Chris Paul,2020,OKC,2208.0,23.3,0.61,0.343,34.0,8.7
Christian Wood,2020,DET,1325.0,23.0,0.659,0.276,7.6,16.7
Clint Capela,2020,HOU,1279.0,16.1,0.626,0.0,5.7,22.0
Coby White,2020,CHI,1674.0,24.4,0.506,0.475,16.5,7.6
Cody Martin,2020,CHO,903.0,13.6,0.505,0.372,15.7,9.6
Cody Zeller,2020,CHO,1341.0,20.8,0.576,0.157,11.3,16.7
Collin Sexton,2020,CLE,2143.0,27.2,0.56,0.235,15.1,5.3
Cory Joseph,2020,SAC,1759.0,12.9,0.517,0.386,19.1,6.0
D'Angelo Russell,2020,TOT,1452.0,31.5,0.556,0.509,35.2,6.6
D.J. Augustin,2020,ORL,1420.0,19.1,0.554,0.436,26.8,4.6
Damian Jones,2020,ATL,887.0,11.4,0.712,0.051,5.6,12.5
Damian Lillard,2020,POR,2474.0,30.3,0.627,0.5,34.4,6.0
Damion Lee,2020,GSW,1423.0,19.0,0.548,0.468,14.4,9.1
Damyean Dotson,2020,NYK,836.0,16.5,0.527,0.562,10.0,5.8
Daniel Gafford,2020,CHI,609.0,13.3,0.686,0.0,5.2,9.6
Daniel Theis,2020,BOS,1566.0,14.4,0.631,0.225,10.1,14.6
Danilo Gallinari,2020,OKC,1834.0,24.6,0.612,0.537,10.3,9.7
Danny Green,2020,LAL,1687.0,13.9,0.552,0.69,7.1,7.3
Danuel House Jr.,2020,HOU,1913.0,13.7,0.572,0.659,6.1,7.3
Dario Šarić,2020,PHO,1632.0,17.8,0.592,0.437,10.8,13.8
Darius Bazley,2020,OKC,1130.0,15.1,0.497,0.445,5.1,12.0
Darius Garland,2020,CLE,1824.0,20.7,0.498,0.423,18.5,3.4
De'Aaron Fox,2020,SAC,1634.0,29.8,0.558,0.227,35.3,6.8
De'Andre Hunter,2020,ATL,2018.0,17.5,0.521,0.445,8.0,7.6
De'Anthony Melton,2020,MEM,1167.0,19.2,0.501,0.349,20.1,9.9
DeAndre Jordan,2020,BRK,1234.0,14.1,0.682,0.0,12.6,23.5
DeAndre' Bembry,2020,ATL,915.0,14.0,0.5,0.285,12.3,8.9
DeMar DeRozan,2020,SAS,2316.0,26.3,0.603,0.033,26.1,8.7
Deandre Ayton,2020,PHO,1236.0,23.7,0.568,0.023,9.7,19.6
Dejounte Murray,2020,SAS,1687.0,20.8,0.524,0.174,23.1,12.2
Delon Wright,2020,DAL,1570.0,14.4,0.554,0.309,21.0,9.4
Dennis Schröder,2020,OKC,1999.0,27.2,0.575,0.337,21.9,6.5
Dennis Smith Jr.,2020,NYK,537.0,23.1,0.399,0.256,26.4,7.7
Derrick Favors,2020,NOP,1243.0,14.0,0.62,0.021,9.2,21.4
Derrick Jones Jr.,2020,MIA,1375.0,13.9,0.62,0.378,6.7,9.5
Derrick Rose,2020,DET,1298.0,31.6,0.555,0.195,40.5,5.3
Derrick White,2020,SAS,1677.0,18.9,0.593,0.391,20.0,7.2
Devin Booker,2020,PHO,2512.0,30.0,0.618,0.31,30.0,6.6
Devonte' Graham,2020,CHO,2211.0,24.8,0.537,0.607,35.3,5.2
Dewayne Dedmon,2020,TOT,774.0,18.1,0.473,0.42,4.0,17.8
Dillon Brooks,2020,MEM,2112.0,25.2,0.51,0.385,10.5,6.1
Domantas Sabonis,2020,IND,2159.0,23.3,0.586,0.079,21.7,19.6
Donovan Mitchell,2020,UTA,2364.0,30.8,0.558,0.352,21.6,7.1
Donte DiVincenzo,2020,MIL,1520.0,17.3,0.557,0.484,13.6,10.3
Dorian Finney-Smith,2020,DAL,2120.0,12.9,0.595,0.58,7.2,10.0
Doug McDermott,2020,IND,1372.0,19.6,0.62,0.537,8.4,7.0
Draymond Green,2020,GSW,1222.0,15.7,0.489,0.408,31.2,11.8
Duncan Robinson,2020,MIA,2166.0,16.0,0.684,0.882,7.1,6.0
Dwayne Bacon,2020,CHO,687.0,19.5,0.419,0.275,11.7,7.9
Dwight Howard,2020,LAL,1306.0,14.7,0.696,0.018,4.8,21.2
Dwight Powell,2020,DAL,1061.0,12.6,0.677,0.17,7.7,11.2
Dāvis Bertāns,2020,WAS,1583.0,19.0,0.628,0.774,8.4,8.5
E'Twaun Moore,2020,NOP,1020.0,19.9,0.51,0.382,11.0,6.8
Elfrid Payton,2020,NYK,1246.0,19.5,0.47,0.157,38.6,9.1
Elie Okobo,2020,PHO,719.0,14.8,0.516,0.392,21.2,6.9
Emmanuel Mudiay,2020,UTA,850.0,22.6,0.543,0.266,20.9,8.2
Enes Freedom,2020,BOS,983.0,19.4,0.599,0.02,8.8,23.5
Eric Bledsoe,2020,MIL,1646.0,23.7,0.571,0.306,28.7,8.5
Eric Gordon,2020,HOU,1016.0,22.5,0.51,0.654,7.9,3.7
Eric Paschall,2020,GSW,1654.0,21.4,0.571,0.202,12.7,9.0
Ersan İlyasova,2020,MIL,986.0,16.1,0.589,0.438,6.6,15.1
Evan Fournier,2020,ORL,2076.0,23.9,0.595,0.467,16.6,4.4
Frank Jackson,2020,NOP,797.0,21.2,0.51,0.435,10.8,5.5
Frank Kaminsky,2020,PHO,777.0,21.0,0.545,0.404,14.3,12.6
Frank Ntilikina,2020,NYK,1187.0,15.4,0.497,0.411,20.2,5.4
Fred VanVleet,2020,TOR,1928.0,21.7,0.553,0.484,27.7,5.6
Furkan Korkmaz,2020,PHI,1559.0,18.4,0.579,0.632,7.3,6.0
Garrett Temple,2020,BRK,1730.0,16.6,0.513,0.658,12.8,6.5
Gary Clark,2020,TOT,567.0,11.0,0.568,0.835,4.1,10.3
Gary Harris,2020,DEN,1780.0,15.1,0.519,0.405,8.9,5.1
Gary Trent Jr.,2020,POR,1332.0,15.3,0.587,0.608,6.3,3.9
George Hill,2020,MIL,1271.0,15.5,0.659,0.468,19.0,6.9
Georges Niang,2020,UTA,923.0,17.2,0.589,0.699,7.0,7.6
Giannis Antetokounmpo,2020,MIL,1917.0,37.5,0.613,0.237,34.2,22.1
Glenn Robinson III,2020,TOT,1786.0,16.4,0.577,0.333,8.4,8.2
Goran Dragić,2020,MIA,1663.0,25.9,0.573,0.467,29.2,6.3
Gordon Hayward,2020,BOS,1740.0,21.1,0.595,0.317,18.7,10.7
Gorgui Dieng,2020,TOT,1096.0,17.6,0.568,0.418,9.7,17.0
Grant Williams,2020,BOS,1043.0,11.6,0.505,0.455,8.5,9.1
Grayson Allen,2020,MEM,718.0,17.6,0.609,0.562,10.0,6.2
Hamidou Diallo,2020,OKC,896.0,18.4,0.491,0.193,5.9,10.3
Harrison Barnes,2020,SAC,2482.0,17.4,0.574,0.338,9.2,8.1
Harry Giles,2020,SAC,667.0,20.6,0.58,0.008,14.2,15.9
Hassan Whiteside,2020,POR,2008.0,19.6,0.644,0.01,5.9,23.6
Ian Mahinmi,2020,WAS,808.0,15.7,0.545,0.124,8.3,14.7
Isaac Bonga,2020,WAS,1250.0,11.0,0.608,0.303,7.9,9.7
Isaiah Thomas,2020,WAS,925.0,24.1,0.531,0.444,23.4,4.0
Ish Smith,2020,WAS,1787.0,19.1,0.509,0.245,27.1,6.7
Ivica Zubac,2020,LAC,1326.0,16.4,0.651,0.005,9.1,21.3
J.J. Redick,2020,NOP,1581.0,20.4,0.644,0.629,10.8,5.1
Ja Morant,2020,MEM,2074.0,25.9,0.556,0.191,35.2,6.6
JaMychal Green,2020,LAC,1307.0,13.7,0.576,0.676,5.0,15.4
JaVale McGee,2020,LAL,1130.0,14.8,0.652,0.02,4.6,18.9
Jabari Parker,2020,TOT,917.0,24.0,0.571,0.277,12.4,12.6
Jae Crowder,2020,TOT,1875.0,15.5,0.553,0.7,11.5,11.0
Jake Layman,2020,MIN,505.0,17.7,0.544,0.402,4.4,6.0
Jakob Poeltl,2020,SAS,1171.0,13.2,0.612,0.0,13.6,17.3
Jalen Brunson,2020,DAL,1022.0,20.4,0.553,0.309,27.0,6.9
Jamal Murray,2020,DEN,1904.0,25.2,0.559,0.362,22.9,6.9
James Ennis III,2020,TOT,1265.0,15.7,0.565,0.471,7.0,10.6
James Harden,2020,HOU,2483.0,36.3,0.626,0.557,35.9,9.4
James Johnson,2020,TOT,619.0,19.4,0.572,0.423,18.4,10.3
Jaren Jackson Jr.,2020,MEM,1622.0,24.0,0.593,0.489,7.2,8.5
Jarrett Allen,2020,BRK,1852.0,14.9,0.664,0.013,8.9,18.7
Jarrett Culver,2020,MIN,1506.0,19.2,0.467,0.388,10.8,7.4
Jaxson Hayes,2020,NOP,1080.0,15.0,0.689,0.015,7.2,12.7
Jaylen Brown,2020,BOS,1934.0,24.7,0.583,0.381,9.7,10.1
Jayson Tatum,2020,BOS,2265.0,28.6,0.567,0.383,14.5,10.9
Jeff Green,2020,TOT,960.0,19.0,0.59,0.532,7.9,7.5
Jeff Teague,2020,TOT,1464.0,19.5,0.557,0.239,30.7,5.2
Jerami Grant,2020,DEN,1892.0,18.0,0.591,0.397,6.6,7.3
Jeremy Lamb,2020,IND,1291.0,19.6,0.547,0.33,10.5,8.5
Jerome Robinson,2020,TOT,979.0,16.4,0.476,0.494,11.9,7.0
Jevon Carter,2020,PHO,945.0,12.9,0.563,0.601,11.9,6.9
Jimmy Butler,2020,MIA,1959.0,25.1,0.585,0.157,28.1,11.0
Joe Harris,2020,BRK,2123.0,18.3,0.606,0.518,10.4,7.3
Joe Ingles,2020,UTA,2137.0,15.1,0.595,0.638,24.4,7.2
Joel Embiid,2020,PHI,1506.0,32.9,0.59,0.215,16.9,21.7
John Collins,2020,ATL,1363.0,22.7,0.659,0.243,7.6,16.4
John Henson,2020,TOT,600.0,16.3,0.578,0.211,13.4,15.1
Jonas Valančiūnas,2020,MEM,1845.0,21.5,0.631,0.123,10.9,22.5
Jonathan Isaac,2020,ORL,980.0,18.3,0.552,0.283,7.4,12.7
Jordan Clarkson,2020,TOT,1705.0,26.3,0.574,0.476,13.2,6.1
Jordan McLaughlin,2020,MIN,590.0,15.8,0.587,0.427,31.0,4.4
Jordan McRae,2020,TOT,784.0,24.4,0.515,0.344,17.9,8.7
Jordan Poole,2020,GSW,1274.0,21.1,0.454,0.528,15.8,5.0
Josh Hart,2020,NOP,1755.0,15.3,0.563,0.665,8.2,12.8
Josh Okogie,2020,MIN,1547.0,15.1,0.553,0.387,8.9,9.1
Josh Richardson,2020,PHI,1693.0,20.6,0.533,0.385,13.9,5.7
Jrue Holiday,2020,NOP,2117.0,24.5,0.537,0.344,29.1,7.3
Juancho Hernangómez,2020,TOT,833.0,15.7,0.518,0.522,6.6,12.8
Julius Randle,2020,NYK,2080.0,27.6,0.538,0.23,15.8,16.0
Justin Holiday,2020,IND,1826.0,13.4,0.585,0.681,6.7,7.1
Justin Jackson,2020,DAL,1045.0,15.4,0.496,0.478,6.8,7.7
Karl-Anthony Towns,2020,MIN,1187.0,28.8,0.642,0.445,22.8,16.8
Kawhi Leonard,2020,LAC,1848.0,33.0,0.589,0.287,26.4,11.3
Keita Bates-Diop,2020,TOT,744.0,15.8,0.539,0.44,5.8,9.1
Kelly Olynyk,2020,MIA,1300.0,17.4,0.621,0.588,13.3,13.1
Kelly Oubre Jr.,2020,PHO,1933.0,22.4,0.56,0.372,6.6,10.4
Kemba Walker,2020,BOS,1742.0,27.2,0.575,0.532,24.2,6.7
Kendrick Nunn,2020,MIA,1962.0,24.1,0.534,0.428,18.5,5.1
Kenrich Williams,2020,NOP,832.0,8.9,0.429,0.66,8.4,11.9
Kent Bazemore,2020,TOT,1688.0,17.5,0.499,0.457,7.4,9.4
Kentavious Caldwell-Pope,2020,LAL,1762.0,14.7,0.584,0.471,8.5,4.4
Kevin Huerter,2020,ATL,1760.0,17.1,0.536,0.548,17.5,7.0
Kevin Knox,2020,NYK,1166.0,17.8,0.47,0.496,7.4,8.4
Kevin Love,2020,CLE,1780.0,23.1,0.599,0.536,15.4,17.1
Kevin Porter Jr.,2020,CLE,1162.0,20.5,0.535,0.375,13.9,7.7
Khem Birch,2020,ORL,922.0,10.2,0.566,0.007,7.3,12.9
Khris Middleton,2020,MIL,1853.0,26.4,0.619,0.374,22.2,10.2
Kris Dunn,2020,CHI,1269.0,14.6,0.51,0.327,19.4,8.1
Kristaps Porziņģis,2020,DAL,1814.0,27.0,0.551,0.432,8.8,15.6
Ky Bowman,2020,GSW,1015.0,17.2,0.494,0.333,19.4,6.5
Kyle Anderson,2020,MEM,1330.0,13.5,0.534,0.257,15.9,11.3
Kyle Korver,2020,MIL,960.0,15.4,0.62,0.809,9.2,6.3
Kyle Kuzma,2020,LAL,1526.0,22.9,0.531,0.407,7.6,9.8
Kyle Lowry,2020,TOR,2098.0,23.1,0.59,0.58,30.6,7.3
Kyrie Irving,2020,BRK,658.0,32.6,0.595,0.341,36.7,8.1
LaMarcus Aldridge,2020,SAS,1754.0,23.4,0.571,0.198,11.4,12.0
Landry Shamet,2020,LAC,1452.0,13.4,0.58,0.757,9.1,3.6
Langston Galloway,2020,DET,1702.0,15.9,0.584,0.611,8.8,5.0
Larry Nance Jr.,2020,CLE,1472.0,15.2,0.608,0.369,12.3,15.4
Lauri Markkanen,2020,CHI,1492.0,21.1,0.56,0.536,7.6,11.6
LeBron James,2020,LAL,2316.0,31.5,0.577,0.326,49.1,12.4
Lonnie Walker IV,2020,SAS,988.0,18.7,0.507,0.283,9.6,7.6
Lonzo Ball,2020,NOP,2025.0,18.5,0.517,0.575,29.1,10.0
Lou Williams,2020,LAC,1864.0,28.4,0.546,0.337,30.1,5.6
Luguentz Dort,2020,OKC,820.0,14.1,0.506,0.463,4.6,5.5
Luka Dončić,2020,DAL,2047.0,36.8,0.585,0.431,45.7,14.7
Luke Kennard,2020,DET,922.0,19.8,0.589,0.535,19.2,6.0
Luke Kornet,2020,CHI,559.0,16.3,0.539,0.578,8.5,8.3
Malcolm Brogdon,2020,IND,1666.0,25.2,0.541,0.309,33.8,8.6
Malik Beasley,2020,TOT,1209.0,21.8,0.546,0.517,9.4,6.7
Malik Monk,2020,CHO,1169.0,22.9,0.53,0.418,16.6,7.3
Marc Gasol,2020,TOR,1161.0,13.2,0.551,0.53,17.3,12.5
Marco Belinelli,2020,SAS,883.0,17.5,0.532,0.567,10.7,6.0
Marcus Morris,2020,TOT,1936.0,21.9,0.57,0.43,6.8,8.5
Marcus Smart,2020,BOS,1919.0,18.9,0.518,0.579,21.1,6.3
Mario Hezonja,2020,POR,871.0,13.9,0.525,0.358,7.5,11.0
Markelle Fultz,2020,ORL,1996.0,21.4,0.517,0.175,29.0,6.4
Markieff Morris,2020,TOT,1187.0,20.9,0.565,0.498,10.1,10.3
Marquese Chriss,2020,GSW,1196.0,19.0,0.604,0.101,15.3,16.5
Marvin Williams,2020,TOT,1129.0,12.5,0.587,0.584,7.6,8.5
Mason Plumlee,2020,DEN,1057.0,18.0,0.613,0.017,20.9,16.8
Matisse Thybulle,2020,PHI,1287.0,11.2,0.539,0.592,8.0,4.6
Matthew Dellavedova,2020,CLE,821.0,13.0,0.463,0.52,29.0,5.1
Maurice Harkless,2020,TOT,1427.0,10.7,0.572,0.346,6.4,8.8
Maxi Kleber,2020,DAL,1890.0,13.9,0.605,0.621,6.3,10.8
Meyers Leonard,2020,MIA,1034.0,12.2,0.627,0.547,7.6,14.1
Michael Carter-Williams,2020,ORL,833.0,18.3,0.535,0.288,19.1,9.5
Michael Porter Jr.,2020,DEN,903.0,22.3,0.617,0.384,7.9,16.1
Mikal Bridges,2020,PHO,2042.0,12.7,0.62,0.401,8.6,7.9
Mike Conley,2020,UTA,1363.0,23.1,0.537,0.451,23.1,6.1
Mike Muscala,2020,OKC,572.0,16.6,0.569,0.757,10.1,10.4
Mike Scott,2020,PHI,1207.0,14.0,0.557,0.62,6.4,11.3
Miles Bridges,2020,CHO,1995.0,20.0,0.52,0.398,9.4,9.9
Mitchell Robinson,2020,NYK,1412.0,13.3,0.726,0.0,3.9,16.2
Mo Bamba,2020,ORL,878.0,17.1,0.542,0.374,7.2,18.5
Monte Morris,2020,DEN,1636.0,17.5,0.545,0.304,22.1,4.7
Montrezl Harrell,2020,LAC,1749.0,25.7,0.607,0.022,10.3,13.2
Moritz Wagner,2020,WAS,835.0,18.6,0.638,0.301,9.8,14.3
Myles Turner,2020,IND,1826.0,17.9,0.566,0.426,5.4,12.2
Nassir Little,2020,POR,573.0,13.7,0.505,0.391,5.0,9.9
Nemanja Bjelica,2020,SAC,2011.0,17.0,0.602,0.49,14.7,12.8
Nerlens Noel,2020,OKC,1127.0,14.9,0.711,0.011,7.6,14.7
Nickeil Alexander-Walker,2020,NOP,591.0,23.3,0.473,0.5,21.1,7.5
Nicolas Batum,2020,CHO,505.0,9.4,0.463,0.605,18.3,10.8
Nicolò Melli,2020,NOP,1042.0,15.7,0.556,0.638,10.5,9.2
Nikola Jokić,2020,DEN,2336.0,26.6,0.605,0.238,35.2,17.1
Nikola Vučević,2020,ORL,1998.0,25.8,0.549,0.28,19.5,18.1
Norman Powell,2020,TOR,1479.0,21.5,0.624,0.457,9.7,6.8
OG Anunoby,2020,TOR,2066.0,14.3,0.6,0.403,7.5,9.3
Omari Spellman,2020,GSW,886.0,18.8,0.551,0.373,8.1,13.4
P.J. Tucker,2020,HOU,2467.0,8.7,0.559,0.702,6.0,10.1
P.J. Washington,2020,CHO,1759.0,18.6,0.547,0.39,11.3,9.8
Pascal Siakam,2020,TOR,2110.0,28.1,0.554,0.331,16.4,11.0
Pat Connaughton,2020,MIL,1243.0,12.3,0.565,0.551,10.9,11.3
Patrick Beverley,2020,LAC,1342.0,13.3,0.56,0.604,18.2,10.3
Patrick McCaw,2020,TOR,908.0,9.4,0.5,0.438,11.5,5.0
Patrick Patterson,2020,LAC,776.0,14.7,0.58,0.738,7.2,10.1
Patty Mills,2020,SAS,1485.0,20.4,0.592,0.674,11.4,3.9
Paul George,2020,LAC,1419.0,29.6,0.589,0.487,21.1,10.0
Paul Millsap,2020,DEN,1240.0,20.0,0.591,0.283,9.6,13.2
Quinn Cook,2020,LAL,508.0,21.0,0.509,0.397,13.8,5.5
RJ Barrett,2020,NYK,1704.0,24.0,0.479,0.271,12.8,8.7
Rajon Rondo,2020,LAL,984.0,18.7,0.494,0.381,32.9,7.9
Raul Neto,2020,PHI,668.0,18.7,0.567,0.396,20.3,5.0
Reggie Bullock,2020,NYK,684.0,15.6,0.502,0.496,8.8,5.3
Reggie Jackson,2020,TOT,743.0,23.1,0.529,0.445,26.2,6.7
Richaun Holmes,2020,SAC,1242.0,15.6,0.681,0.0,5.1,16.2
Ricky Rubio,2020,PHO,2016.0,20.4,0.535,0.312,39.7,8.4
Robert Covington,2020,TOT,2137.0,17.0,0.559,0.664,5.9,11.4
Robin Lopez,2020,MIL,958.0,16.6,0.554,0.351,6.3,8.3
Rodions Kurucs,2020,BRK,684.0,14.7,0.555,0.508,10.4,10.4
Rodney Hood,2020,POR,619.0,13.9,0.625,0.413,7.0,6.1
Rodney McGruder,2020,LAC,871.0,10.6,0.477,0.492,5.3,9.0
Rondae Hollis-Jefferson,2020,TOR,1122.0,17.2,0.533,0.07,13.6,13.3
Royce O'Neale,2020,UTA,2049.0,9.6,0.578,0.668,11.6,10.4
Rudy Gay,2020,SAS,1461.0,22.0,0.553,0.369,11.3,13.4
Rudy Gobert,2020,UTA,2333.0,16.2,0.699,0.0,6.5,21.6
Rui Hachimura,2020,WAS,1444.0,19.0,0.535,0.16,8.8,11.1
Russell Westbrook,2020,HOU,2049.0,34.4,0.536,0.166,35.6,11.5
Ryan Arcidiacono,2020,CHI,930.0,12.5,0.551,0.627,14.3,6.5
Sekou Doumbouya,2020,DET,754.0,16.9,0.474,0.415,3.6,8.9
Semi Ojeleye,2020,BOS,1011.0,9.7,0.562,0.648,4.7,7.7
Serge Ibaka,2020,TOR,1485.0,24.0,0.583,0.272,8.6,16.1
Seth Curry,2020,DAL,1576.0,18.4,0.643,0.559,11.6,4.8
Shabazz Napier,2020,TOT,1344.0,20.0,0.552,0.526,27.8,6.3
Shai Gilgeous-Alexander,2020,OKC,2428.0,23.7,0.568,0.247,15.2,9.4
Shake Milton,2020,PHI,805.0,18.9,0.617,0.487,18.8,6.0
Skal Labissière,2020,POR,567.0,14.3,0.588,0.088,10.1,15.6
Solomon Hill,2020,TOT,1088.0,13.6,0.535,0.615,12.4,8.1
Spencer Dinwiddie,2020,BRK,1994.0,29.2,0.541,0.392,35.0,5.7
Sterling Brown,2020,MIL,767.0,17.0,0.486,0.531,8.6,11.8
Steven Adams,2020,OKC,1680.0,17.3,0.604,0.006,13.2,19.2
Svi Mykhailiuk,2020,DET,1265.0,17.1,0.578,0.704,12.3,4.7
T.J. McConnell,2020,IND,1326.0,17.5,0.54,0.041,37.6,7.8
T.J. Warren,2020,IND,2202.0,23.3,0.61,0.227,7.1,7.0
Taj Gibson,2020,NYK,1025.0,14.8,0.61,0.049,7.6,13.9
Taurean Prince,2020,BRK,1857.0,20.4,0.497,0.583,9.2,10.6
Terence Davis,2020,TOR,1209.0,19.0,0.588,0.555,14.2,10.3
Terrance Ferguson,2020,OKC,1257.0,9.1,0.481,0.764,5.3,3.3
Terrence Ross,2020,ORL,1889.0,22.8,0.548,0.596,6.8,6.3
Terry Rozier,2020,CHO,2164.0,23.7,0.553,0.45,20.4,7.0
Thaddeus Young,2020,CHI,1591.0,19.7,0.521,0.369,11.3,10.9
Thomas Bryant,2020,WAS,1147.0,18.9,0.649,0.218,11.1,15.8
Thon Maker,2020,DET,776.0,16.1,0.582,0.332,8.0,12.2
Tim Hardaway Jr.,2020,DAL,2091.0,21.1,0.581,0.58,9.7,5.8
Timothé Luwawu-Cabarrot,2020,BRK,853.0,16.8,0.599,0.595,4.9,7.7
Tobias Harris,2020,PHI,2469.0,23.9,0.556,0.304,14.6,11.1
Tomáš Satoranský,2020,CHI,1878.0,16.7,0.533,0.361,27.1,7.5
Tony Bradley,2020,UTA,663.0,15.8,0.681,0.016,5.4,22.2
Tony Snell,2020,DET,1641.0,11.4,0.598,0.665,10.9,3.8
Torrey Craig,2020,DEN,1072.0,12.6,0.553,0.513,5.9,9.9
Trae Young,2020,ATL,2120.0,34.9,0.595,0.455,45.6,6.5
Treveon Graham,2020,TOT,929.0,13.1,0.456,0.496,6.6,8.6
Trevor Ariza,2020,TOT,1493.0,11.8,0.593,0.639,8.0,9.0
Trey Burke,2020,TOT,520.0,20.0,0.548,0.359,23.7,5.2
Trey Lyles,2020,SAS,1271.0,13.6,0.557,0.49,7.2,15.3
Tristan Thompson,2020,CLE,1721.0,18.3,0.54,0.041,10.5,18.6
Troy Brown Jr.,2020,WAS,1782.0,17.8,0.524,0.288,14.1,11.7
Troy Daniels,2020,TOT,532.0,16.3,0.518,0.71,4.3,5.4
Tyler Herro,2020,MIA,1508.0,22.3,0.55,0.472,12.7,8.3
Tyler Johnson,2020,TOT,709.0,18.0,0.504,0.476,14.8,5.8
Tyus Jones,2020,MEM,1232.0,17.2,0.532,0.289,32.0,4.4
Victor Oladipo,2020,IND,528.0,26.5,0.506,0.423,15.4,7.8
Vince Carter,2020,ATL,876.0,16.6,0.47,0.664,7.7,7.6
Wayne Ellington,2020,NYK,558.0,15.0,0.509,0.822,11.0,6.2
Wendell Carter Jr.,2020,CHI,1256.0,16.4,0.59,0.085,6.0,17.8
Wes Iwundu,2020,ORL,953.0,13.7,0.544,0.352,8.8,7.4
Wesley Matthews,2020,MIL,1635.0,12.5,0.547,0.704,7.1,5.0
Will Barton,2020,DEN,1916.0,20.1,0.549,0.39,16.0,10.7
Willie Cauley-Stein,2020,TOT,1097.0,14.4,0.589,0.003,9.9,15.5
Wilson Chandler,2020,BRK,734.0,12.9,0.531,0.661,7.3,10.2
Yogi Ferrell,2020,SAC,530.0,19.2,0.528,0.42,18.8,5.2
Zach LaVine,2020,CHI,2085.0,31.7,0.568,0.404,21.7,7.7
Zion Williamson,2020,NOP,668.0,30.5,0.616,0.039,13.3,11.9
Aaron Gordon,2019,ORL,2633.0,21.8,0.538,0.332,16.6,11.7
Aaron Holiday,2019,IND,646.0,21.9,0.518,0.485,19.3,5.8
Abdel Nader,2019,OKC,694.0,15.1,0.522,0.465,3.8,8.6
Al Horford,2019,BOS,1973.0,18.9,0.605,0.281,21.2,12.4
Al-Farouq Aminu,2019,POR,2292.0,13.7,0.568,0.472,6.0,14.2
Alec Burks,2019,TOT,1375.0,19.0,0.523,0.354,13.7,9.4
Alex Caruso,2019,LAL,531.0,19.0,0.569,0.289,19.7,6.5
Alex Len,2019,ATL,1544.0,22.1,0.575,0.315,8.6,14.4
Alfonzo McKinnie,2019,GSW,1003.0,13.9,0.569,0.429,4.0,13.1
Allen Crabbe,2019,BRK,1133.0,16.4,0.519,0.694,5.8,6.9
Allonzo Trier,2019,NYK,1459.0,21.5,0.564,0.255,12.9,7.1
Amir Johnson,2019,PHI,529.0,17.4,0.574,0.255,16.0,14.7
Andre Drummond,2019,DET,2647.0,22.9,0.555,0.036,7.2,25.4
Andre Iguodala,2019,GSW,1578.0,10.4,0.587,0.477,16.8,8.5
Andrew Wiggins,2019,MIN,2543.0,24.4,0.493,0.288,10.9,7.4
Ante Žižić,2019,CLE,1082.0,18.2,0.59,0.0,7.7,16.4
Anthony Davis,2019,NOP,1850.0,29.5,0.597,0.141,19.0,18.8
Anthony Tolliver,2019,MIN,1079.0,12.5,0.571,0.83,5.5,8.8
Antonio Blakeney,2019,CHI,829.0,24.5,0.487,0.23,8.2,6.9
Aron Baynes,2019,BOS,821.0,15.2,0.567,0.274,9.3,15.6
Austin Rivers,2019,TOT,2028.0,14.5,0.503,0.572,11.5,4.4
Avery Bradley,2019,TOT,1905.0,16.2,0.496,0.403,11.8,4.9
Bam Adebayo,2019,MIA,1913.0,15.8,0.623,0.031,14.2,16.6
Ben Simmons,2019,PHI,2700.0,22.1,0.582,0.006,34.2,13.7
Bismack Biyombo,2019,CHO,783.0,12.7,0.602,0.0,5.9,17.0
Blake Griffin,2019,DET,2622.0,30.2,0.581,0.389,27.1,11.8
Boban Marjanović,2019,TOT,681.0,23.3,0.664,0.038,12.8,20.6
Bobby Portis,2019,TOT,1299.0,24.6,0.529,0.304,8.8,16.8
Bogdan Bogdanović,2019,SAC,1947.0,22.3,0.53,0.431,19.3,6.4
Bojan Bogdanović,2019,IND,2573.0,22.4,0.613,0.367,9.5,7.2
Bradley Beal,2019,WAS,3028.0,28.4,0.581,0.37,24.1,7.4
Brandon Ingram,2019,LAL,1760.0,23.2,0.555,0.129,12.9,7.8
Brandon Knight,2019,TOT,736.0,18.1,0.484,0.496,14.4,4.4
Brook Lopez,2019,MIL,2322.0,16.7,0.597,0.651,5.7,8.7
Bruce Brown,2019,DET,1449.0,11.5,0.469,0.296,8.8,7.0
Bruno Caboclo,2019,MEM,800.0,15.9,0.571,0.578,9.4,11.1
Bryn Forbes,2019,SAS,2293.0,17.4,0.586,0.522,10.6,5.7
Buddy Hield,2019,SAC,2615.0,25.1,0.587,0.479,11.9,8.1
C.J. Miles,2019,TOT,856.0,18.6,0.504,0.653,6.0,6.1
CJ McCollum,2019,POR,2375.0,25.5,0.553,0.358,13.8,6.3
Cameron Payne,2019,TOT,712.0,17.6,0.519,0.377,21.8,5.5
Caris LeVert,2019,BRK,1063.0,24.0,0.509,0.319,23.2,7.5
Cedi Osman,2019,CLE,2444.0,18.6,0.536,0.443,12.1,8.1
Chandler Hutchison,2019,CHI,895.0,12.2,0.507,0.239,5.3,11.2
Chasson Randle,2019,WAS,743.0,16.4,0.555,0.53,17.5,4.1
Cheick Diallo,2019,NOP,896.0,16.0,0.644,0.015,5.1,19.2
Chris Paul,2019,HOU,1857.0,22.5,0.56,0.493,39.3,7.9
Clint Capela,2019,HOU,2249.0,18.2,0.658,0.0,7.1,20.8
Cody Zeller,2019,CHO,1243.0,16.3,0.611,0.064,12.1,14.5
Collin Sexton,2019,CLE,2605.0,25.2,0.52,0.245,15.3,5.0
Cory Joseph,2019,IND,2063.0,13.7,0.474,0.312,20.7,7.5
Cristiano Felício,2019,CHI,746.0,14.3,0.568,0.022,7.2,15.9
D'Angelo Russell,2019,BRK,2448.0,31.9,0.533,0.419,41.3,6.8
D.J. Augustin,2019,ORL,2269.0,17.2,0.616,0.459,26.9,4.8
D.J. Wilson,2019,MIL,882.0,14.4,0.515,0.506,7.6,12.8
Damian Lillard,2019,POR,2838.0,29.3,0.588,0.419,30.6,7.0
Damyean Dotson,2019,NYK,2004.0,17.3,0.526,0.49,10.4,6.8
Daniel Theis,2019,BOS,908.0,15.8,0.624,0.252,10.5,13.2
Danilo Gallinari,2019,LAC,2059.0,23.8,0.633,0.421,13.2,10.7
Danny Green,2019,TOR,2216.0,14.1,0.632,0.69,7.7,7.7
Dante Cunningham,2019,SAS,928.0,8.9,0.585,0.411,6.8,11.0
Dante Exum,2019,UTA,664.0,21.3,0.516,0.257,24.1,5.5
Danuel House Jr.,2019,HOU,979.0,14.1,0.646,0.706,5.9,7.9
Dario Šarić,2019,TOT,2023.0,17.8,0.563,0.464,8.8,12.1
Darius Miller,2019,NOP,1757.0,13.4,0.55,0.752,10.4,3.8
Darren Collison,2019,IND,2143.0,17.7,0.574,0.294,29.9,6.0
David Nwaba,2019,CLE,984.0,14.6,0.558,0.286,8.1,9.2
De'Aaron Fox,2019,SAC,2546.0,24.5,0.544,0.211,33.2,6.2
De'Anthony Melton,2019,PHO,984.0,15.0,0.466,0.371,22.3,7.5
DeAndre Jordan,2019,TOT,2047.0,15.0,0.674,0.0,11.6,23.5
DeAndre' Bembry,2019,ATL,1931.0,17.2,0.508,0.281,14.7,9.7
DeMar DeRozan,2019,SAS,2688.0,27.9,0.542,0.034,27.6,9.4
DeMarcus Cousins,2019,GSW,771.0,28.1,0.562,0.256,20.4,17.1
DeMarre Carroll,2019,BRK,1703.0,18.6,0.546,0.539,7.2,10.8
Deandre Ayton,2019,PHO,2183.0,21.2,0.608,0.005,9.6,18.5
Delon Wright,2019,TOT,1699.0,18.1,0.523,0.301,21.6,8.6
Dennis Schröder,2019,OKC,2314.0,24.2,0.508,0.33,20.4,6.3
Dennis Smith Jr.,2019,TOT,1508.0,24.8,0.502,0.32,27.3,5.5
Derrick Favors,2019,UTA,1766.0,19.4,0.624,0.126,8.0,17.2
Derrick Jones Jr.,2019,MIA,1153.0,15.6,0.559,0.281,4.7,11.1
Derrick Rose,2019,MIN,1392.0,27.3,0.557,0.194,26.4,5.4
Derrick White,2019,SAS,1728.0,17.7,0.555,0.262,21.0,7.8
Devin Booker,2019,PHO,2242.0,32.9,0.584,0.33,34.1,6.5
Devin Harris,2019,DAL,1071.0,18.5,0.527,0.576,16.7,5.6
Devonte' Graham,2019,CHO,676.0,17.0,0.459,0.56,24.8,5.0
Dewayne Dedmon,2019,ATL,1609.0,16.7,0.602,0.413,8.1,15.7
Dion Waiters,2019,MIA,1138.0,21.1,0.53,0.605,16.4,5.4
Dirk Nowitzki,2019,DAL,795.0,22.5,0.469,0.545,6.9,10.6
Domantas Sabonis,2019,IND,1838.0,23.5,0.63,0.024,18.2,20.8
Donovan Mitchell,2019,UTA,2598.0,31.6,0.537,0.339,21.2,6.6
Dorian Finney-Smith,2019,DAL,1985.0,14.0,0.53,0.481,6.9,10.5
Doug McDermott,2019,IND,1340.0,16.3,0.617,0.488,7.1,4.5
Dragan Bender,2019,PHO,826.0,13.4,0.521,0.513,9.4,12.3
Draymond Green,2019,GSW,2065.0,13.1,0.526,0.391,26.8,12.4
Dwayne Bacon,2019,CHO,759.0,16.8,0.57,0.339,9.2,6.3
Dwight Powell,2019,DAL,1662.0,17.2,0.682,0.261,10.7,13.2
Dwyane Wade,2019,MIA,1885.0,27.9,0.51,0.272,26.5,8.0
Dāvis Bertāns,2019,SAS,1632.0,14.1,0.632,0.746,8.2,8.8
E'Twaun Moore,2019,NOP,1463.0,17.3,0.567,0.331,9.5,4.5
Ed Davis,2019,BRK,1446.0,12.7,0.632,0.007,6.0,25.2
Elfrid Payton,2019,NOP,1250.0,18.3,0.502,0.255,33.5,9.1
Elie Okobo,2019,PHO,958.0,17.0,0.489,0.455,18.7,5.7
Emmanuel Mudiay,2019,NYK,1607.0,25.6,0.531,0.284,24.2,6.4
Enes Freedom,2019,TOT,1640.0,23.1,0.594,0.05,12.1,21.1
Eric Bledsoe,2019,MIL,2272.0,22.9,0.577,0.388,27.4,8.1
Eric Gordon,2019,HOU,2158.0,22.0,0.549,0.64,9.4,3.8
Ersan İlyasova,2019,MIL,1231.0,15.7,0.548,0.42,5.5,12.5
Evan Fournier,2019,ORL,2553.0,22.1,0.536,0.421,17.6,5.4
Evan Turner,2019,POR,1605.0,15.9,0.504,0.117,23.6,10.9
Frank Jackson,2019,NOP,1169.0,18.5,0.517,0.378,8.0,5.9
Frank Kaminsky,2019,CHO,755.0,22.1,0.587,0.466,12.9,11.7
Frank Ntilikina,2019,NYK,904.0,16.6,0.417,0.408,19.5,5.0
Fred VanVleet,2019,TOR,1760.0,17.9,0.539,0.493,23.9,5.1
Furkan Korkmaz,2019,PHI,679.0,17.9,0.528,0.588,10.7,8.3
Garrett Temple,2019,TOT,2040.0,13.2,0.543,0.535,7.4,5.8
Gary Clark,2019,HOU,641.0,10.9,0.48,0.914,3.8,10.0
Gary Harris,2019,DEN,1639.0,20.0,0.526,0.38,11.0,5.3
George Hill,2019,TOT,1302.0,15.1,0.554,0.407,14.0,5.9
Georges Niang,2019,UTA,516.0,17.8,0.613,0.58,10.1,9.1
Gerald Green,2019,HOU,1473.0,19.5,0.555,0.763,4.1,6.8
Giannis Antetokounmpo,2019,MIL,2358.0,32.3,0.644,0.163,30.3,19.3
Glenn Robinson III,2019,DET,610.0,15.0,0.511,0.352,5.1,6.4
Goran Dragić,2019,MIA,991.0,23.7,0.517,0.379,27.3,6.0
Gordon Hayward,2019,BOS,1863.0,19.0,0.575,0.364,18.4,9.2
Gorgui Dieng,2019,MIN,1031.0,19.6,0.572,0.149,10.3,16.1
Hamidou Diallo,2019,OKC,526.0,16.6,0.497,0.145,4.4,9.5
Harrison Barnes,2019,TOT,2533.0,20.9,0.55,0.429,6.7,7.5
Harry Giles,2019,SAC,820.0,23.2,0.526,0.017,15.2,14.0
Hassan Whiteside,2019,MIA,1674.0,22.6,0.564,0.024,5.6,25.9
Ian Clark,2019,NOP,973.0,19.3,0.502,0.527,12.9,4.7
Iman Shumpert,2019,TOT,1481.0,14.5,0.499,0.612,9.9,6.5
Isaiah Briscoe,2019,ORL,559.0,14.1,0.455,0.246,21.0,7.1
Isaiah Canaan,2019,TOT,629.0,14.2,0.518,0.585,18.2,5.1
Ish Smith,2019,DET,1251.0,19.9,0.485,0.276,25.4,6.3
Ivan Rabb,2019,MEM,721.0,17.2,0.586,0.071,12.0,16.0
Ivica Zubac,2019,TOT,1040.0,20.3,0.604,0.0,9.1,18.2
J.J. Barea,2019,DAL,752.0,28.1,0.495,0.332,47.5,6.8
J.J. Redick,2019,PHI,2379.0,21.9,0.602,0.589,12.9,4.1
JaMychal Green,2019,TOT,1371.0,19.4,0.587,0.37,5.8,16.4
JaVale McGee,2019,LAL,1671.0,20.2,0.634,0.019,4.8,17.5
Jabari Parker,2019,TOT,1724.0,24.6,0.56,0.26,14.1,13.3
Jae Crowder,2019,UTA,2166.0,19.1,0.538,0.655,8.9,9.6
Jahlil Okafor,2019,NOP,935.0,19.9,0.603,0.014,6.3,15.4
Jake Layman,2019,POR,1327.0,15.9,0.594,0.427,5.6,8.7
Jakob Poeltl,2019,SAS,1273.0,13.1,0.64,0.0,10.0,17.6
Jalen Brunson,2019,DAL,1591.0,19.1,0.549,0.32,22.6,5.7
Jamal Crawford,2019,PHO,1211.0,20.8,0.522,0.461,27.7,3.9
Jamal Murray,2019,DEN,2447.0,24.9,0.538,0.353,22.4,7.0
James Ennis III,2019,TOT,1230.0,12.7,0.59,0.531,4.7,8.1
James Harden,2019,HOU,2867.0,40.5,0.616,0.539,39.5,10.0
James Johnson,2019,MIA,1164.0,17.8,0.522,0.393,17.0,8.0
Jared Dudley,2019,BRK,1220.0,10.4,0.554,0.632,9.2,6.7
Jaren Jackson Jr.,2019,MEM,1515.0,22.8,0.591,0.241,7.2,10.1
Jarrett Allen,2019,BRK,2096.0,15.9,0.632,0.079,7.9,16.8
Jaylen Brown,2019,BOS,1913.0,22.1,0.547,0.348,7.7,8.7
Jayson Tatum,2019,BOS,2455.0,22.1,0.547,0.3,10.0,10.4
Jeff Green,2019,WAS,2097.0,17.8,0.608,0.466,9.2,8.0
Jeff Teague,2019,MIN,1264.0,19.3,0.528,0.252,37.6,4.5
Jerami Grant,2019,OKC,2612.0,15.4,0.592,0.356,4.2,8.2
Jeremy Lamb,2019,CHO,2250.0,22.5,0.552,0.337,11.9,10.4
Jeremy Lin,2019,TOT,1436.0,21.8,0.558,0.346,23.4,6.6
Jerian Grant,2019,ORL,939.0,13.4,0.526,0.5,22.4,5.6
Jerryd Bayless,2019,MIN,657.0,17.6,0.431,0.426,24.6,5.0
Jevon Carter,2019,MEM,577.0,18.0,0.432,0.551,17.4,6.4
Jimmy Butler,2019,TOT,2185.0,22.3,0.571,0.213,18.0,8.3
Joakim Noah,2019,MEM,693.0,20.0,0.571,0.005,20.6,19.3
Joe Harris,2019,BRK,2293.0,17.0,0.645,0.516,11.9,6.7
Joe Ingles,2019,UTA,2568.0,17.5,0.581,0.602,26.1,7.0
Joel Embiid,2019,PHI,2154.0,33.3,0.593,0.219,18.4,21.4
John Collins,2019,ATL,1829.0,23.7,0.627,0.19,11.0,17.1
John Wall,2019,WAS,1104.0,28.8,0.527,0.306,39.2,5.7
Jonah Bolden,2019,PHI,639.0,13.8,0.595,0.593,8.5,13.7
Jonas Jerebko,2019,GSW,1218.0,15.2,0.588,0.53,10.1,12.6
Jonas Valančiūnas,2019,TOT,1091.0,28.5,0.616,0.089,12.0,21.1
Jonathan Isaac,2019,ORL,1996.0,16.3,0.537,0.435,5.7,11.0
Jonathon Simmons,2019,TOT,1064.0,18.7,0.466,0.297,16.7,6.3
Jordan Bell,2019,GSW,788.0,13.7,0.531,0.01,12.3,12.5
Jordan Clarkson,2019,CLE,2214.0,27.6,0.539,0.377,15.6,6.8
Josh Hart,2019,LAL,1715.0,13.5,0.526,0.591,7.0,7.5
Josh Jackson,2019,PHO,1988.0,23.9,0.487,0.268,14.1,9.7
Josh Okogie,2019,MIN,1757.0,15.4,0.492,0.423,6.9,6.6
Josh Richardson,2019,MIA,2539.0,20.9,0.536,0.448,17.9,5.5
José Calderón,2019,DET,632.0,10.9,0.453,0.475,24.9,5.2
Jrue Holiday,2019,NOP,2402.0,25.4,0.555,0.313,31.8,7.2
Juancho Hernangómez,2019,DEN,1358.0,12.2,0.58,0.576,5.3,10.6
Julius Randle,2019,NOP,2232.0,27.8,0.6,0.179,15.8,14.7
Justin Holiday,2019,TOT,2607.0,15.7,0.52,0.598,8.1,6.8
Justin Jackson,2019,TOT,1614.0,14.3,0.561,0.505,8.1,6.9
Justise Winslow,2019,MIA,1959.0,20.8,0.513,0.342,21.9,9.6
Jusuf Nurkić,2019,POR,1974.0,24.7,0.57,0.035,17.9,20.2
Karl-Anthony Towns,2019,MIN,2545.0,28.9,0.622,0.27,17.2,20.0
Kawhi Leonard,2019,TOR,2040.0,30.3,0.606,0.267,16.4,11.6
Keita Bates-Diop,2019,MIN,503.0,14.1,0.489,0.366,4.6,8.8
Kelly Olynyk,2019,MIA,1812.0,18.0,0.61,0.566,11.4,11.0
Kelly Oubre Jr.,2019,TOT,1935.0,23.2,0.551,0.401,6.8,9.2
Kemba Walker,2019,CHO,2863.0,31.5,0.558,0.434,29.4,6.8
Kenneth Faried,2019,TOT,728.0,20.3,0.622,0.094,4.6,18.8
Kenrich Williams,2019,NOP,1079.0,12.3,0.485,0.559,9.5,10.5
Kent Bazemore,2019,ATL,1643.0,22.0,0.507,0.434,13.5,8.3
Kentavious Caldwell-Pope,2019,LAL,2035.0,18.1,0.568,0.575,7.5,6.0
Kevin Durant,2019,GSW,2702.0,29.0,0.631,0.281,26.2,9.8
Kevin Huerter,2019,ATL,2048.0,15.7,0.533,0.537,14.5,6.3
Kevin Knox,2019,NYK,2158.0,22.3,0.475,0.398,6.0,8.1
Kevin Love,2019,CLE,598.0,27.4,0.561,0.519,12.8,22.2
Kevon Looney,2019,GSW,1481.0,12.8,0.636,0.029,10.9,15.0
Khem Birch,2019,ORL,643.0,14.1,0.64,0.007,8.5,15.8
Khris Middleton,2019,MIL,2393.0,25.1,0.558,0.413,20.1,9.8
Klay Thompson,2019,GSW,2652.0,25.6,0.571,0.427,10.5,6.0
Kosta Koufos,2019,SAC,502.0,15.7,0.477,0.0,9.5,18.2
Kris Dunn,2019,CHI,1389.0,20.1,0.484,0.19,30.0,7.3
Kyle Anderson,2019,MEM,1281.0,12.6,0.569,0.123,15.0,11.0
Kyle Korver,2019,TOT,1334.0,18.5,0.582,0.72,8.9,6.6
Kyle Kuzma,2019,LAL,2314.0,23.8,0.546,0.388,11.5,8.5
Kyle Lowry,2019,TOR,2213.0,19.6,0.562,0.613,34.8,7.6
Kyrie Irving,2019,BOS,2214.0,29.6,0.592,0.35,35.0,8.1
LaMarcus Aldridge,2019,SAS,2687.0,26.9,0.576,0.032,11.6,15.1
Lance Stephenson,2019,LAL,1123.0,20.3,0.529,0.456,17.3,9.9
Lance Thomas,2019,NYK,783.0,12.9,0.482,0.401,5.0,7.8
Landry Shamet,2019,TOT,1802.0,15.0,0.604,0.711,9.0,3.9
Langston Galloway,2019,DET,1745.0,16.1,0.534,0.647,7.3,5.4
Larry Nance Jr.,2019,CLE,1795.0,15.5,0.583,0.205,17.8,17.1
Lauri Markkanen,2019,CHI,1682.0,25.1,0.553,0.418,7.2,15.2
LeBron James,2019,LAL,1937.0,31.6,0.588,0.299,39.4,12.4
Lonzo Ball,2019,LAL,1423.0,16.9,0.487,0.5,23.8,9.1
Lou Williams,2019,LAC,1993.0,32.4,0.554,0.256,33.0,5.9
Luka Dončić,2019,DAL,2318.0,30.5,0.545,0.433,31.6,13.0
Luke Kennard,2019,DET,1437.0,18.1,0.56,0.517,12.3,7.0
Luke Kornet,2019,NYK,784.0,17.9,0.531,0.682,10.5,9.0
Malcolm Brogdon,2019,MIL,1832.0,20.7,0.614,0.326,16.2,8.0
Malik Beasley,2019,DEN,1879.0,18.7,0.599,0.55,7.5,5.8
Malik Monk,2019,CHO,1258.0,24.6,0.518,0.563,14.3,5.9
Marc Gasol,2019,TOT,2436.0,20.7,0.546,0.314,22.2,14.3
Marcin Gortat,2019,LAC,751.0,14.4,0.562,0.0,12.0,18.4
Marco Belinelli,2019,SAS,1815.0,19.8,0.557,0.572,10.1,5.9
Marcus Morris,2019,BOS,2091.0,20.9,0.568,0.461,7.5,11.7
Marcus Smart,2019,BOS,2200.0,14.6,0.568,0.61,19.1,5.7
Mario Hezonja,2019,NYK,1206.0,21.3,0.497,0.328,11.5,10.4
Markieff Morris,2019,TOT,1270.0,19.1,0.521,0.419,8.8,11.1
Marvin Bagley III,2019,SAC,1567.0,24.2,0.562,0.136,5.9,15.5
Marvin Williams,2019,CHO,2133.0,14.9,0.548,0.586,6.1,10.3
Mason Plumlee,2019,DEN,1731.0,16.2,0.602,0.023,19.5,16.4
Matthew Dellavedova,2019,TOT,812.0,17.9,0.532,0.537,31.9,5.2
Maurice Harkless,2019,POR,1415.0,13.9,0.547,0.309,7.1,10.1
Maxi Kleber,2019,DAL,1502.0,13.5,0.579,0.565,6.8,11.7
Meyers Leonard,2019,POR,878.0,14.8,0.675,0.459,11.8,14.2
Michael Kidd-Gilchrist,2019,CHO,1179.0,15.7,0.553,0.142,7.4,11.3
Mikal Bridges,2019,PHO,2417.0,12.2,0.556,0.556,9.8,6.0
Mike Conley,2019,MEM,2342.0,27.3,0.569,0.38,33.4,5.7
Mike Muscala,2019,TOT,1306.0,14.3,0.564,0.709,7.7,9.8
Mike Scott,2019,TOT,1395.0,14.4,0.528,0.6,6.4,10.5
Miles Bridges,2019,CHO,1696.0,15.1,0.548,0.391,8.1,10.3
Mitchell Robinson,2019,NYK,1360.0,12.1,0.692,0.0,4.2,16.3
Mo Bamba,2019,ORL,766.0,17.8,0.539,0.288,7.4,16.3
Monte Morris,2019,DEN,1970.0,17.1,0.577,0.323,21.7,5.3
Montrezl Harrell,2019,LAC,2158.0,23.5,0.636,0.019,12.5,13.1
Myles Turner,2019,IND,2119.0,20.0,0.567,0.251,8.0,13.9
Nemanja Bjelica,2019,SAC,1788.0,16.5,0.585,0.433,11.1,12.8
Nenê,2019,HOU,546.0,11.7,0.552,0.026,6.8,12.5
Nerlens Noel,2019,OKC,1055.0,13.8,0.608,0.0,5.9,15.9
Nicolas Batum,2019,CHO,2354.0,13.2,0.581,0.53,14.5,8.9
Nik Stauskas,2019,TOT,1015.0,17.6,0.545,0.556,11.1,6.8
Nikola Jokić,2019,DEN,2504.0,27.4,0.589,0.224,37.0,18.7
Nikola Mirotić,2019,TOT,1245.0,21.4,0.584,0.587,6.2,14.0
Nikola Vučević,2019,ORL,2510.0,28.0,0.573,0.171,21.9,20.5
Noah Vonleh,2019,NYK,1722.0,14.8,0.561,0.311,11.1,16.0
Norman Powell,2019,TOR,1126.0,19.0,0.596,0.425,11.6,6.7
OG Anunoby,2019,TOR,1352.0,15.5,0.544,0.5,4.7,7.9
Omari Spellman,2019,ATL,805.0,14.9,0.516,0.525,8.0,12.7
Omri Casspi,2019,MEM,520.0,18.0,0.606,0.267,8.1,12.4
Otto Porter Jr.,2019,TOT,1683.0,19.1,0.569,0.398,10.6,10.1
P.J. Tucker,2019,HOU,2802.0,9.5,0.547,0.74,4.6,9.5
Pascal Siakam,2019,TOR,2548.0,20.8,0.628,0.226,14.6,11.6
Pat Connaughton,2019,MIL,1261.0,13.3,0.573,0.571,12.6,10.4
Patrick Beverley,2019,LAC,2137.0,12.2,0.561,0.591,18.4,9.6
Patrick Patterson,2019,OKC,861.0,12.0,0.493,0.626,4.6,8.8
Patty Mills,2019,SAS,1908.0,18.5,0.572,0.609,17.6,5.2
Paul George,2019,OKC,2841.0,29.5,0.583,0.469,17.7,11.4
Paul Millsap,2019,DEN,1895.0,19.6,0.57,0.239,10.6,14.4
Quinn Cook,2019,GSW,1059.0,20.2,0.565,0.456,15.2,7.9
Rajon Rondo,2019,LAL,1369.0,17.4,0.473,0.329,35.5,9.2
Reggie Bullock,2019,TOT,1879.0,15.8,0.563,0.662,10.1,4.9
Reggie Jackson,2019,DET,2289.0,24.5,0.547,0.45,24.7,5.2
Richaun Holmes,2019,PHO,1184.0,17.9,0.647,0.0,7.9,15.5
Ricky Rubio,2019,UTA,1899.0,22.7,0.52,0.348,32.1,6.9
Robert Covington,2019,TOT,1203.0,15.6,0.58,0.622,5.2,8.5
Robin Lopez,2019,CHI,1606.0,18.6,0.598,0.058,8.8,9.7
Rodions Kurucs,2019,BRK,1294.0,18.4,0.545,0.41,6.0,10.0
Rodney Hood,2019,TOT,1893.0,18.1,0.545,0.352,10.0,4.6
Rodney McGruder,2019,MIA,1550.0,15.4,0.51,0.488,10.3,8.2
Rondae Hollis-Jefferson,2019,BRK,1234.0,21.6,0.464,0.101,11.7,13.2
Royce O'Neale,2019,UTA,1671.0,11.0,0.589,0.513,10.0,9.2
Rudy Gay,2019,SAS,1842.0,22.1,0.583,0.247,14.7,13.9
Rudy Gobert,2019,UTA,2577.0,17.8,0.682,0.0,9.6,21.9
Russell Westbrook,2019,OKC,2630.0,30.9,0.501,0.279,46.5,15.8
Ryan Arcidiacono,2019,CHI,1961.0,11.7,0.588,0.519,18.9,6.1
Sam Dekker,2019,TOT,788.0,16.2,0.519,0.242,8.3,10.2
Semi Ojeleye,2019,BOS,594.0,14.1,0.531,0.563,5.1,7.7
Serge Ibaka,2019,TOR,2010.0,22.9,0.582,0.193,7.7,16.1
Seth Curry,2019,POR,1399.0,16.6,0.595,0.54,6.5,4.6
Shabazz Napier,2019,BRK,983.0,24.0,0.534,0.524,22.2,5.3
Shai Gilgeous-Alexander,2019,LAC,2174.0,18.3,0.554,0.194,17.8,5.7
Shaquille Harrison,2019,CHI,1430.0,16.5,0.494,0.209,14.1,8.4
Shaun Livingston,2019,GSW,967.0,12.0,0.555,0.01,14.8,6.5
Shelvin Mack,2019,TOT,1246.0,18.1,0.489,0.323,22.6,4.7
Solomon Hill,2019,NOP,878.0,10.4,0.497,0.567,7.6,7.8
Spencer Dinwiddie,2019,BRK,1914.0,24.9,0.58,0.447,25.6,4.6
Stanley Johnson,2019,TOT,1208.0,19.4,0.485,0.489,10.6,9.7
Stephen Curry,2019,GSW,2331.0,30.4,0.641,0.604,24.2,8.4
Sterling Brown,2019,MIL,1034.0,15.2,0.563,0.471,10.7,9.0
Steven Adams,2019,OKC,2669.0,16.4,0.591,0.002,6.6,14.7
T.J. Leaf,2019,IND,522.0,17.5,0.572,0.169,6.9,13.3
T.J. McConnell,2019,PHI,1470.0,15.0,0.555,0.1,24.7,6.3
T.J. Warren,2019,PHO,1360.0,22.7,0.58,0.295,7.7,7.1
Taj Gibson,2019,MIN,1686.0,17.2,0.612,0.063,7.3,14.5
Taurean Prince,2019,ATL,1552.0,19.5,0.575,0.53,11.1,6.7
Terrance Ferguson,2019,OKC,1931.0,10.6,0.566,0.673,4.8,3.8
Terrence Ross,2019,ORL,2150.0,23.9,0.561,0.551,9.9,7.0
Terry Rozier,2019,BOS,1791.0,18.6,0.501,0.506,17.7,9.1
Thabo Sefolosha,2019,UTA,609.0,12.9,0.599,0.523,6.1,10.9
Thaddeus Young,2019,IND,2489.0,18.0,0.569,0.174,12.0,11.7
Thomas Bryant,2019,WAS,1496.0,17.6,0.674,0.197,9.3,16.5
Thon Maker,2019,TOT,972.0,14.8,0.53,0.571,6.3,11.0
Tim Frazier,2019,TOT,1120.0,13.3,0.544,0.387,27.6,7.7
Tim Hardaway Jr.,2019,TOT,2057.0,25.4,0.527,0.48,12.8,5.7
Timothé Luwawu-Cabarrot,2019,TOT,669.0,16.6,0.489,0.532,5.5,7.8
Tobias Harris,2019,TOT,2847.0,22.8,0.592,0.313,12.5,12.0
Tomáš Satoranský,2019,WAS,2164.0,14.1,0.59,0.306,24.6,7.0
Tony Parker,2019,CHO,1003.0,25.5,0.512,0.11,33.3,4.5
Tony Snell,2019,MIL,1304.0,12.9,0.585,0.565,6.7,6.1
Torrey Craig,2019,DEN,1503.0,12.4,0.547,0.519,6.3,9.5
Trae Young,2019,ATL,2503.0,28.4,0.539,0.384,40.5,6.3
Treveon Graham,2019,BRK,715.0,12.8,0.458,0.67,6.5,7.9
Trevor Ariza,2019,TOT,2349.0,16.6,0.534,0.59,14.8,8.6
Trey Burke,2019,TOT,1125.0,24.8,0.524,0.29,24.1,4.6
Trey Lyles,2019,DEN,1120.0,23.4,0.5,0.404,11.3,11.9
Tristan Thompson,2019,CLE,1198.0,17.7,0.551,0.0,11.2,20.3
Troy Brown Jr.,2019,WAS,730.0,16.5,0.487,0.295,14.9,10.8
Troy Daniels,2019,PHO,760.0,17.6,0.558,0.705,5.0,5.3
Tyler Dorsey,2019,TOT,698.0,19.7,0.509,0.5,12.4,8.9
Tyler Johnson,2019,TOT,1529.0,18.5,0.532,0.494,15.9,6.1
Tyreke Evans,2019,IND,1402.0,26.4,0.483,0.327,17.5,7.9
Tyrone Wallace,2019,LAC,628.0,18.7,0.45,0.088,9.5,8.5
Tyson Chandler,2019,TOT,875.0,8.5,0.63,0.01,5.3,18.3
Tyus Jones,2019,MIN,1560.0,14.1,0.491,0.283,28.3,4.6
Victor Oladipo,2019,IND,1147.0,27.9,0.519,0.367,25.2,9.8
Vince Carter,2019,ATL,1330.0,16.7,0.565,0.675,9.3,7.7
Wayne Ellington,2019,TOT,1297.0,17.2,0.569,0.814,8.3,4.5
Wayne Selden,2019,TOT,1439.0,18.4,0.491,0.36,11.3,6.9
Wendell Carter Jr.,2019,CHI,1110.0,19.1,0.541,0.086,10.7,15.0
Wes Iwundu,2019,ORL,1233.0,12.8,0.531,0.288,7.9,8.0
Wesley Johnson,2019,TOT,534.0,12.0,0.469,0.594,5.3,7.1
Wesley Matthews,2019,TOT,2091.0,17.8,0.546,0.577,11.1,4.4
Will Barton,2019,DEN,1189.0,20.0,0.501,0.426,14.6,9.1
Willie Cauley-Stein,2019,SAC,2213.0,17.5,0.566,0.003,12.3,15.8
Willy Hernangómez,2019,CHO,812.0,22.1,0.587,0.132,11.5,20.7
Wilson Chandler,2019,TOT,1177.0,11.8,0.537,0.579,9.1,9.7
Yogi Ferrell,2019,SAC,1067.0,16.3,0.55,0.423,17.0,5.3
Zach Collins,2019,POR,1356.0,16.6,0.562,0.303,7.1,12.7
Zach LaVine,2019,CHI,2171.0,30.5,0.574,0.283,22.6,7.4
Zaza Pachulia,2019,DET,878.0,15.0,0.539,0.021,14.7,16.5
Álex Abrines,2019,OKC,588.0,12.2,0.507,0.809,4.3,4.2
Aaron Gordon,2018,ORL,1909.0,24.7,0.53,0.395,11.7,13.2
Abdel Nader,2018,BOS,522.0,17.1,0.439,0.436,7.1,7.4
Al Horford,2018,BOS,2277.0,18.4,0.575,0.3,23.6,12.7
Al-Farouq Aminu,2018,POR,2072.0,14.8,0.522,0.582,5.8,13.8
Alec Burks,2018,UTA,1059.0,22.5,0.527,0.343,10.0,10.3
Alex Caruso,2018,LAL,562.0,12.9,0.519,0.371,17.8,6.2
Alex Len,2018,PHO,1395.0,17.0,0.612,0.008,9.1,19.8
Allen Crabbe,2018,BRK,2197.0,19.0,0.558,0.643,8.4,7.8
Amir Johnson,2018,PHI,1171.0,12.8,0.575,0.123,13.9,15.2
Andre Drummond,2018,DET,2625.0,21.2,0.555,0.012,14.3,26.2
Andre Iguodala,2018,GSW,1622.0,11.5,0.536,0.366,16.2,8.5
Andre Roberson,2018,OKC,1037.0,8.6,0.543,0.222,6.0,9.9
Andrew Harrison,2018,MEM,1326.0,19.6,0.534,0.331,21.3,5.7
Andrew Wiggins,2018,MIN,2979.0,23.4,0.505,0.26,8.2,6.9
Anthony Davis,2018,NOP,2727.0,30.0,0.612,0.111,10.8,16.5
Anthony Tolliver,2018,DET,1757.0,14.8,0.663,0.773,7.5,7.6
Aron Baynes,2018,BOS,1485.0,16.8,0.502,0.047,9.6,16.0
Arron Afflalo,2018,ORL,682.0,12.5,0.516,0.432,6.2,5.3
Austin Rivers,2018,LAC,2057.0,20.6,0.526,0.447,17.5,3.9
Avery Bradley,2018,TOT,1433.0,23.5,0.496,0.325,10.4,4.5
Bam Adebayo,2018,MIA,1368.0,15.9,0.57,0.021,11.0,15.6
Ben McLemore,2018,MEM,1091.0,19.0,0.526,0.426,7.5,7.4
Ben Simmons,2018,PHI,2732.0,22.3,0.557,0.011,37.4,13.0
Bismack Biyombo,2018,ORL,1495.0,14.9,0.556,0.003,6.5,17.2
Blake Griffin,2018,TOT,1970.0,28.9,0.544,0.323,28.1,12.0
Bobby Portis,2018,CHI,1643.0,26.0,0.548,0.275,13.2,16.2
Bogdan Bogdanović,2018,SAC,2175.0,19.6,0.556,0.426,18.3,5.8
Bojan Bogdanović,2018,IND,2464.0,19.0,0.605,0.453,7.1,6.2
Bradley Beal,2018,WAS,2977.0,27.6,0.564,0.357,21.0,6.9
Brandon Ingram,2018,LAL,1975.0,22.2,0.536,0.138,17.7,8.5
Brandon Paul,2018,SAS,576.0,13.6,0.504,0.425,9.0,6.5
Brook Lopez,2018,LAL,1735.0,23.5,0.557,0.41,11.6,9.0
Bryn Forbes,2018,SAS,1517.0,16.7,0.525,0.459,7.8,4.0
Buddy Hield,2018,SAC,2024.0,24.3,0.557,0.437,12.8,8.6
C.J. Miles,2018,TOR,1337.0,22.3,0.545,0.758,6.0,6.4
C.J. Williams,2018,LAC,707.0,13.7,0.512,0.396,8.5,4.4
CJ McCollum,2018,POR,2923.0,26.5,0.536,0.316,15.8,6.0
Cameron Payne,2018,CHI,582.0,19.3,0.498,0.423,29.9,6.4
Caris LeVert,2018,BRK,1864.0,22.5,0.525,0.333,26.0,7.4
Carmelo Anthony,2018,OKC,2501.0,23.2,0.503,0.406,6.5,10.0
Cedi Osman,2018,CLE,672.0,15.7,0.577,0.468,8.7,10.0
Chandler Parsons,2018,MEM,691.0,18.3,0.578,0.517,16.4,7.5
Channing Frye,2018,TOT,695.0,15.2,0.599,0.542,7.9,10.8
Cheick Diallo,2018,NOP,581.0,17.4,0.619,0.0,4.7,19.7
Chris Paul,2018,HOU,1847.0,24.5,0.604,0.475,40.9,9.5
Clint Capela,2018,HOU,2034.0,19.4,0.65,0.001,5.7,22.2
Cody Zeller,2018,CHO,627.0,15.7,0.602,0.019,7.4,15.3
Corey Brewer,2018,TOT,1208.0,14.3,0.534,0.348,7.5,6.9
Cory Joseph,2018,IND,2210.0,14.8,0.503,0.315,16.1,6.7
Courtney Lee,2018,NYK,2310.0,16.9,0.564,0.368,11.3,5.4
Cristiano Felício,2018,CHI,977.0,13.6,0.614,0.009,8.4,12.8
D'Angelo Russell,2018,BRK,1234.0,30.8,0.509,0.414,35.7,8.1
D.J. Augustin,2018,ORL,1760.0,18.6,0.615,0.504,24.4,5.0
Damian Lillard,2018,POR,2670.0,30.6,0.594,0.445,30.9,6.6
Daniel Theis,2018,BOS,936.0,15.5,0.616,0.249,9.1,16.0
Danilo Gallinari,2018,LAC,671.0,20.6,0.545,0.434,8.9,8.3
Danny Green,2018,SAS,1791.0,16.6,0.509,0.57,8.9,7.7
Dante Cunningham,2018,TOT,1562.0,11.6,0.539,0.462,4.3,10.3
Dario Šarić,2018,PHI,2310.0,20.9,0.582,0.448,13.0,12.1
Darius Miller,2018,NOP,1944.0,12.8,0.617,0.735,7.5,4.6
Darren Collison,2018,IND,2018.0,17.4,0.61,0.321,26.4,5.0
David Nwaba,2018,CHI,1646.0,15.6,0.542,0.123,9.4,10.6
David West,2018,GSW,999.0,21.7,0.6,0.021,20.5,13.3
De'Aaron Fox,2018,SAC,2026.0,23.4,0.478,0.192,24.6,5.7
DeAndre Jordan,2018,LAC,2424.0,15.2,0.648,0.0,7.1,26.5
DeAndre Liggins,2018,TOT,724.0,7.9,0.467,0.5,8.4,5.9
DeMar DeRozan,2018,TOR,2711.0,29.6,0.555,0.203,25.0,6.5
DeMarcus Cousins,2018,NOP,1737.0,31.9,0.583,0.34,23.0,19.2
DeMarre Carroll,2018,BRK,2180.0,19.8,0.55,0.498,10.5,11.7
Dejounte Murray,2018,SAS,1743.0,20.7,0.485,0.056,20.2,14.6
Delon Wright,2018,TOR,1433.0,17.2,0.574,0.354,19.6,7.7
Dennis Schröder,2018,ATL,2078.0,30.4,0.515,0.229,36.2,5.6
Dennis Smith Jr.,2018,DAL,2049.0,28.9,0.473,0.331,29.5,7.0
Denzel Valentine,2018,CHI,2095.0,17.5,0.527,0.513,17.8,10.1
Derrick Favors,2018,UTA,2153.0,18.5,0.593,0.09,7.8,14.6
Devin Booker,2018,PHO,1865.0,31.7,0.561,0.364,24.4,7.0
Devin Harris,2018,TOT,1340.0,20.2,0.563,0.5,16.9,5.3
Dewayne Dedmon,2018,ATL,1542.0,17.0,0.599,0.296,9.2,17.7
Deyonta Davis,2018,MEM,943.0,15.3,0.621,0.0,7.1,15.3
Dillon Brooks,2018,MEM,2350.0,18.5,0.531,0.342,9.3,6.3
Dion Waiters,2018,MIA,918.0,25.0,0.487,0.415,19.8,4.7
Dirk Nowitzki,2018,DAL,1900.0,20.5,0.575,0.445,10.4,12.8
Domantas Sabonis,2018,IND,1810.0,22.1,0.567,0.056,12.7,17.8
Donovan Mitchell,2018,UTA,2638.0,29.1,0.541,0.404,19.4,6.4
Doug McDermott,2018,TOT,1768.0,15.0,0.579,0.425,6.5,6.3
Dragan Bender,2018,PHO,2069.0,12.7,0.524,0.665,8.9,9.3
Draymond Green,2018,GSW,2287.0,17.2,0.556,0.414,29.0,13.1
Dwayne Bacon,2018,CHO,713.0,13.7,0.431,0.224,7.5,9.4
Dwight Howard,2018,CHO,2463.0,24.2,0.577,0.008,7.1,22.2
Dwight Powell,2018,DAL,1672.0,15.5,0.656,0.195,8.5,14.7
Dwyane Wade,2018,TOT,1536.0,26.2,0.5,0.163,23.5,9.2
Dāvis Bertāns,2018,SAS,1086.0,17.4,0.588,0.689,10.3,7.8
E'Twaun Moore,2018,NOP,2586.0,16.1,0.593,0.362,10.1,5.0
Ed Davis,2018,POR,1471.0,12.1,0.607,0.003,3.9,21.3
Ekpe Udoh,2018,UTA,810.0,9.1,0.56,0.008,9.1,10.5
Elfrid Payton,2018,TOT,1808.0,21.9,0.538,0.138,34.9,8.2
Emmanuel Mudiay,2018,TOT,1245.0,24.4,0.474,0.281,24.5,6.8
Enes Freedom,2018,NYK,1830.0,21.8,0.63,0.003,9.4,23.6
Eric Bledsoe,2018,TOT,2322.0,26.1,0.582,0.364,25.7,7.1
Eric Gordon,2018,HOU,2154.0,24.7,0.578,0.627,11.7,4.4
Eric Moreland,2018,DET,805.0,9.7,0.531,0.0,13.3,19.1
Ersan İlyasova,2018,TOT,1729.0,18.7,0.558,0.413,7.9,12.9
Evan Fournier,2018,ORL,1837.0,23.3,0.577,0.418,14.8,5.4
Evan Turner,2018,POR,2034.0,15.6,0.52,0.229,12.4,6.5
Frank Kaminsky,2018,CHO,1835.0,20.5,0.545,0.383,11.0,8.5
Frank Mason III,2018,SAC,984.0,22.6,0.48,0.226,22.7,7.5
Frank Ntilikina,2018,NYK,1706.0,16.9,0.437,0.314,20.0,5.8
Fred VanVleet,2018,TOR,1520.0,19.1,0.556,0.479,22.8,6.8
Garrett Temple,2018,SAC,1615.0,16.4,0.536,0.477,11.3,5.4
Gary Harris,2018,DEN,2304.0,20.7,0.597,0.434,13.0,4.3
George Hill,2018,TOT,1812.0,16.3,0.58,0.4,15.0,5.7
Gerald Green,2018,HOU,929.0,22.4,0.566,0.722,4.3,8.1
Giannis Antetokounmpo,2018,MIL,2756.0,31.2,0.598,0.1,23.7,16.0
Goran Dragić,2018,MIA,2378.0,25.7,0.543,0.279,25.4,7.2
Gorgui Dieng,2018,MIN,1333.0,16.3,0.543,0.157,7.5,15.6
Greg Monroe,2018,TOT,1040.0,22.4,0.598,0.0,18.7,18.3
Harrison Barnes,2018,DAL,2634.0,25.2,0.539,0.276,9.9,9.9
Hassan Whiteside,2018,MIA,1364.0,24.7,0.573,0.003,6.9,25.4
Ian Clark,2018,NOP,1455.0,17.2,0.529,0.394,10.4,4.7
Ian Mahinmi,2018,WAS,1145.0,15.6,0.601,0.008,6.6,15.4
Isaiah Taylor,2018,ATL,1167.0,20.1,0.492,0.205,27.0,4.5
Isaiah Thomas,2018,TOT,862.0,28.8,0.508,0.447,27.1,4.2
Ish Smith,2018,DET,2043.0,20.8,0.525,0.126,28.4,6.1
Ivan Rabb,2018,MEM,516.0,17.7,0.599,0.0,10.4,17.7
J.J. Barea,2018,DAL,1603.0,24.9,0.545,0.454,45.1,7.0
J.J. Redick,2018,PHI,2116.0,21.7,0.614,0.523,15.1,4.5
J.R. Smith,2018,CLE,2244.0,13.8,0.534,0.64,8.6,5.9
JaMychal Green,2018,MEM,1542.0,17.8,0.53,0.26,8.3,17.4
JaVale McGee,2018,GSW,615.0,19.2,0.641,0.027,8.0,15.4
Jabari Parker,2018,MIL,743.0,24.4,0.55,0.244,13.1,11.9
Jae Crowder,2018,TOT,2090.0,17.3,0.525,0.508,6.9,7.4
Jakob Poeltl,2018,TOR,1524.0,14.8,0.662,0.005,5.4,14.4
Jamal Crawford,2018,MIN,1653.0,23.7,0.519,0.423,16.9,3.5
Jamal Murray,2018,DEN,2565.0,22.8,0.576,0.411,16.4,6.5
Jameer Nelson,2018,TOT,1013.0,13.7,0.489,0.508,22.8,5.6
James Ennis III,2018,TOT,1604.0,13.7,0.588,0.398,6.6,8.0
James Harden,2018,HOU,2551.0,36.1,0.619,0.498,45.1,8.6
James Johnson,2018,MIA,1943.0,19.1,0.575,0.301,22.5,10.3
Jared Dudley,2018,PHO,686.0,10.2,0.553,0.656,15.6,7.3
Jarell Martin,2018,MEM,1661.0,17.1,0.516,0.198,7.0,11.1
Jarrett Allen,2018,BRK,1441.0,16.3,0.636,0.038,5.4,14.3
Jarrett Jack,2018,NYK,1548.0,16.7,0.489,0.194,31.3,6.8
Jason Terry,2018,MIL,814.0,10.1,0.525,0.747,9.7,3.5
Jawun Evans,2018,LAC,778.0,17.7,0.421,0.213,17.8,5.9
Jaylen Brown,2018,BOS,2152.0,21.4,0.562,0.381,8.5,8.8
Jayson Tatum,2018,BOS,2443.0,19.4,0.586,0.29,8.3,9.0
Jeff Green,2018,CLE,1828.0,19.3,0.587,0.275,8.0,7.6
Jeff Teague,2018,MIN,2311.0,20.6,0.553,0.287,30.6,5.2
Jerami Grant,2018,OKC,1647.0,16.0,0.607,0.241,5.1,10.7
Jeremy Lamb,2018,CHO,1967.0,22.4,0.559,0.305,15.4,8.9
Jerian Grant,2018,CHI,1686.0,17.4,0.528,0.372,30.1,5.5
Jerryd Bayless,2018,PHI,925.0,15.1,0.546,0.557,8.0,4.7
Jimmy Butler,2018,MIN,2164.0,24.9,0.59,0.217,20.6,8.4
Jodie Meeks,2018,WAS,1119.0,19.0,0.548,0.534,9.1,6.4
Joe Harris,2018,BRK,1975.0,16.6,0.634,0.576,10.2,7.0
Joe Ingles,2018,UTA,2578.0,15.9,0.623,0.646,22.9,7.6
Joe Johnson,2018,TOT,1205.0,15.9,0.49,0.403,10.2,8.1
Joe Young,2018,IND,558.0,18.0,0.521,0.355,9.9,6.4
Joel Embiid,2018,PHI,1912.0,33.4,0.573,0.203,18.0,19.4
Joffrey Lauvergne,2018,SAS,534.0,20.4,0.536,0.026,12.2,17.8
John Collins,2018,ATL,1785.0,17.9,0.62,0.086,8.9,16.9
John Henson,2018,MIL,1970.0,15.0,0.582,0.014,8.6,15.3
John Wall,2018,WAS,1410.0,29.1,0.515,0.25,44.5,6.0
Jonas Jerebko,2018,UTA,1134.0,15.6,0.586,0.46,5.7,12.3
Jonas Valančiūnas,2018,TOR,1727.0,22.7,0.628,0.108,7.5,21.4
Jonathan Isaac,2018,ORL,536.0,15.0,0.465,0.317,4.8,10.2
Jonathon Simmons,2018,ORL,2029.0,22.0,0.555,0.268,13.3,6.5
Jordan Bell,2018,GSW,809.0,13.9,0.641,0.022,16.9,14.3
Jordan Clarkson,2018,TOT,1888.0,26.5,0.542,0.333,19.3,6.2
Josh Hart,2018,LAL,1461.0,13.5,0.596,0.525,7.6,9.6
Josh Huestis,2018,OKC,982.0,9.5,0.417,0.632,2.7,9.1
Josh Jackson,2018,PHO,1959.0,26.0,0.48,0.233,10.1,9.6
Josh Richardson,2018,MIA,2689.0,18.2,0.551,0.38,13.2,6.0
José Calderón,2018,CLE,914.0,11.6,0.643,0.524,17.4,5.2
Jrue Holiday,2018,NOP,2927.0,23.1,0.57,0.286,24.9,6.8
Julius Randle,2018,LAL,2190.0,25.3,0.606,0.05,15.8,15.9
Justin Anderson,2018,PHI,519.0,19.3,0.54,0.51,7.1,9.6
Justin Holiday,2018,CHI,2265.0,18.2,0.513,0.574,10.1,6.9
Justin Jackson,2018,SAC,1506.0,14.2,0.521,0.442,7.2,7.1
Justise Winslow,2018,MIA,1680.0,16.3,0.496,0.264,13.0,12.4
Jusuf Nurkić,2018,POR,2088.0,26.4,0.528,0.007,11.7,18.5
Karl-Anthony Towns,2018,MIN,2918.0,22.9,0.646,0.243,10.8,20.0
Kelly Olynyk,2018,MIA,1779.0,21.7,0.612,0.44,18.7,13.6
Kelly Oubre Jr.,2018,WAS,2231.0,19.4,0.534,0.467,6.4,9.2
Kemba Walker,2018,CHO,2736.0,27.4,0.572,0.441,27.4,4.9
Kent Bazemore,2018,ATL,1789.0,22.5,0.547,0.405,20.1,7.7
Kentavious Caldwell-Pope,2018,LAL,2458.0,16.9,0.561,0.52,9.4,8.4
Kevin Durant,2018,GSW,2325.0,30.4,0.64,0.338,25.5,11.2
Kevin Love,2018,CLE,1651.0,25.1,0.614,0.453,9.8,18.6
Kevon Looney,2018,GSW,910.0,12.4,0.588,0.026,6.0,13.2
Khem Birch,2018,ORL,578.0,13.2,0.582,0.0,8.5,17.1
Khris Middleton,2018,MIL,2982.0,24.6,0.577,0.32,17.7,8.4
Klay Thompson,2018,GSW,2506.0,23.7,0.598,0.442,11.2,6.2
Kobi Simmons,2018,MEM,643.0,17.0,0.49,0.206,16.5,4.5
Kosta Koufos,2018,SAC,1391.0,15.2,0.566,0.0,9.7,19.3
Kris Dunn,2018,CHI,1525.0,24.7,0.488,0.201,33.3,7.8
Kristaps Porziņģis,2018,NYK,1553.0,31.0,0.539,0.256,6.2,11.3
Kyle Anderson,2018,SAS,1978.0,13.5,0.582,0.13,14.7,11.1
Kyle Korver,2018,CLE,1574.0,16.0,0.652,0.777,8.0,5.9
Kyle Kuzma,2018,LAL,2401.0,22.5,0.549,0.418,9.1,10.7
Kyle Lowry,2018,TOR,2510.0,21.7,0.598,0.631,30.9,9.7
Kyle O'Quinn,2018,NYK,1387.0,17.0,0.625,0.044,16.8,18.8
Kyrie Irving,2018,BOS,1931.0,31.0,0.61,0.374,30.7,6.4
LaMarcus Aldridge,2018,SAS,2509.0,29.1,0.57,0.068,11.3,14.0
Lance Stephenson,2018,IND,1850.0,21.6,0.495,0.327,18.6,12.9
Lance Thomas,2018,NYK,1353.0,10.7,0.513,0.464,4.2,7.2
Langston Galloway,2018,DET,863.0,19.3,0.503,0.641,10.1,5.9
Larry Nance Jr.,2018,TOT,1421.0,15.9,0.605,0.029,8.6,17.3
Lauri Markkanen,2018,CHI,2020.0,21.9,0.552,0.465,6.4,13.5
LeBron James,2018,CLE,3026.0,31.6,0.621,0.257,44.4,13.1
Lonzo Ball,2018,LAL,1780.0,17.4,0.444,0.523,29.2,10.8
Lou Williams,2018,LAC,2589.0,29.8,0.574,0.387,26.3,4.2
Luc Mbah a Moute,2018,HOU,1564.0,12.8,0.595,0.501,5.0,6.7
Luke Babbitt,2018,TOT,715.0,15.0,0.576,0.726,6.5,7.5
Luke Kennard,2018,DET,1463.0,17.2,0.56,0.419,12.7,6.6
Malcolm Brogdon,2018,MIL,1436.0,19.1,0.578,0.32,16.3,6.4
Malcolm Delaney,2018,ATL,1014.0,16.9,0.519,0.435,23.4,5.5
Malik Beasley,2018,DEN,583.0,16.2,0.509,0.461,7.4,6.9
Malik Monk,2018,CHO,854.0,24.9,0.477,0.572,16.9,4.2
Manu Ginóbili,2018,SAS,1299.0,21.5,0.553,0.415,19.1,6.1
Marc Gasol,2018,MEM,2408.0,25.6,0.532,0.31,21.7,14.2
Marcin Gortat,2018,WAS,2075.0,15.5,0.546,0.0,10.6,17.0
Marco Belinelli,2018,TOT,1947.0,20.7,0.581,0.517,11.9,4.3
Marcus Morris,2018,BOS,1442.0,23.0,0.541,0.383,8.2,11.0
Marcus Smart,2018,BOS,1614.0,19.4,0.479,0.483,23.7,6.4
Mario Chalmers,2018,MEM,1421.0,19.6,0.503,0.431,21.5,6.4
Mario Hezonja,2018,ORL,1657.0,19.9,0.544,0.433,10.0,9.3
Markieff Morris,2018,WAS,1968.0,19.5,0.566,0.301,11.0,11.8
Marquese Chriss,2018,PHO,1527.0,18.1,0.509,0.398,8.1,13.8
Marreese Speights,2018,ORL,675.0,26.9,0.539,0.668,9.8,10.8
Marvin Williams,2018,CHO,2006.0,14.8,0.603,0.542,7.0,10.0
Mason Plumlee,2018,DEN,1439.0,16.6,0.586,0.003,14.4,15.6
Matthew Dellavedova,2018,MIL,712.0,13.5,0.5,0.513,27.4,5.3
Maurice Harkless,2018,POR,1264.0,12.6,0.596,0.397,6.0,7.0
Maxi Kleber,2018,DAL,1206.0,13.7,0.576,0.414,6.4,10.8
Michael Beasley,2018,NYK,1653.0,26.9,0.556,0.107,12.5,13.9
Michael Carter-Williams,2018,CHO,835.0,16.6,0.446,0.258,19.4,8.9
Michael Kidd-Gilchrist,2018,CHO,1850.0,16.1,0.536,0.004,5.9,8.8
Mike James,2018,TOT,687.0,25.1,0.469,0.305,29.4,7.0
Mike Muscala,2018,ATL,1060.0,15.7,0.597,0.535,7.3,12.1
Mike Scott,2018,WAS,1406.0,20.0,0.599,0.311,9.1,9.9
Miles Plumlee,2018,ATL,918.0,12.8,0.574,0.0,7.2,13.9
Miloš Teodosić,2018,LAC,1134.0,18.2,0.564,0.644,26.2,6.1
Montrezl Harrell,2018,LAC,1293.0,23.8,0.647,0.013,10.1,13.0
Myles Turner,2018,IND,1836.0,20.0,0.567,0.246,7.0,12.8
Nemanja Bjelica,2018,MIN,1371.0,14.3,0.581,0.493,8.7,11.5
Nenê,2018,HOU,758.0,18.9,0.594,0.008,9.5,13.1
Nick Young,2018,GSW,1393.0,17.5,0.562,0.668,3.5,5.0
Nicolas Batum,2018,CHO,1981.0,18.3,0.523,0.422,26.2,8.4
Nik Stauskas,2018,TOT,523.0,15.9,0.543,0.649,11.1,6.5
Nikola Jokić,2018,DEN,2443.0,24.2,0.603,0.277,29.6,18.5
Nikola Mirotić,2018,TOT,1494.0,23.4,0.577,0.523,8.6,14.6
Nikola Vučević,2018,ORL,1683.0,25.9,0.533,0.243,19.9,17.1
Noah Vonleh,2018,TOT,875.0,14.5,0.509,0.282,5.7,19.2
Norman Powell,2018,TOR,1062.0,18.9,0.492,0.497,11.8,6.3
OG Anunoby,2018,TOR,1481.0,12.4,0.587,0.569,5.0,7.0
Omri Casspi,2018,GSW,740.0,16.3,0.632,0.106,9.5,15.1
Otto Porter Jr.,2018,WAS,2432.0,18.4,0.602,0.354,10.1,11.4
P.J. Tucker,2018,HOU,2281.0,10.5,0.537,0.703,4.6,11.3
Pascal Siakam,2018,TOR,1679.0,15.7,0.549,0.265,13.5,12.1
Pat Connaughton,2018,POR,1488.0,13.4,0.539,0.538,8.7,5.9
Patrick McCaw,2018,GSW,961.0,12.8,0.477,0.356,10.6,4.8
Patrick Patterson,2018,OKC,1270.0,10.8,0.555,0.643,6.1,8.4
Patty Mills,2018,SAS,2107.0,17.8,0.558,0.607,16.0,4.1
Pau Gasol,2018,SAS,1812.0,20.4,0.539,0.191,20.1,19.0
Paul George,2018,OKC,2891.0,25.7,0.57,0.454,14.5,8.6
Paul Millsap,2018,DEN,1143.0,22.0,0.549,0.26,13.9,12.1
Paul Zipser,2018,CHI,824.0,15.2,0.445,0.47,8.0,8.5
Quincy Acy,2018,BRK,1359.0,14.4,0.525,0.8,6.0,10.0
Quinn Cook,2018,GSW,740.0,17.5,0.593,0.413,16.6,6.2
Rajon Rondo,2018,NOP,1705.0,16.9,0.522,0.304,42.2,8.4
Raymond Felton,2018,OKC,1365.0,20.4,0.494,0.417,22.5,6.3
Reggie Bullock,2018,DET,1732.0,15.7,0.615,0.515,8.4,4.9
Reggie Jackson,2018,DET,1201.0,27.1,0.516,0.293,32.8,5.7
Richaun Holmes,2018,PHI,746.0,16.6,0.585,0.129,12.3,15.2
Ricky Rubio,2018,UTA,2254.0,22.9,0.537,0.33,28.4,8.8
Robert Covington,2018,PHI,2532.0,17.2,0.563,0.658,8.7,9.2
Robin Lopez,2018,CHI,1690.0,20.4,0.552,0.022,12.3,9.2
Rodney Hood,2018,TOT,1616.0,24.3,0.546,0.443,9.7,5.8
Rondae Hollis-Jefferson,2018,BRK,1920.0,22.2,0.548,0.075,14.2,12.7
Royce O'Neale,2018,UTA,1150.0,14.6,0.54,0.415,12.0,11.7
Rudy Gay,2018,SAS,1231.0,24.6,0.545,0.22,9.8,13.1
Rudy Gobert,2018,UTA,1816.0,16.9,0.657,0.0,6.9,18.8
Russell Westbrook,2018,OKC,2914.0,34.1,0.524,0.193,49.8,15.3
Ryan Anderson,2018,HOU,1725.0,14.4,0.592,0.706,5.1,10.8
Salah Mejri,2018,DAL,729.0,12.8,0.644,0.022,7.2,18.7
Sam Dekker,2018,LAC,883.0,15.5,0.534,0.232,6.2,10.8
Sean Kilpatrick,2018,TOT,640.0,24.9,0.507,0.49,11.3,7.5
Semi Ojeleye,2018,BOS,1150.0,9.0,0.473,0.665,2.4,7.7
Serge Ibaka,2018,TOR,2093.0,19.4,0.574,0.379,4.4,12.8
Shabazz Napier,2018,POR,1535.0,19.5,0.544,0.411,14.6,6.0
Shane Larkin,2018,BOS,775.0,15.5,0.491,0.393,18.5,6.5
Shaun Livingston,2018,GSW,1129.0,16.6,0.533,0.015,16.8,6.5
Shelvin Mack,2018,ORL,1365.0,17.6,0.518,0.336,29.5,6.7
Sindarius Thornwell,2018,LAC,1156.0,12.1,0.519,0.262,7.8,6.7
Skal Labissière,2018,SAC,1240.0,21.1,0.513,0.111,9.1,13.2
Spencer Dinwiddie,2018,BRK,2306.0,20.3,0.527,0.517,35.0,6.0
Stanley Johnson,2018,DET,1894.0,16.4,0.48,0.418,8.5,7.3
Stephen Curry,2018,GSW,1631.0,31.0,0.675,0.58,30.3,9.0
Sterling Brown,2018,MIL,776.0,14.0,0.503,0.444,4.5,10.8
Steven Adams,2018,OKC,2487.0,16.7,0.63,0.003,5.5,15.3
T.J. McConnell,2018,PHI,1706.0,13.8,0.545,0.147,24.5,7.1
T.J. Warren,2018,PHO,2142.0,24.9,0.541,0.085,7.2,8.3
Taj Gibson,2018,MIN,2726.0,14.7,0.61,0.047,5.2,12.4
Tarik Black,2018,HOU,536.0,15.6,0.582,0.087,3.7,17.1
Taurean Prince,2018,ATL,2464.0,22.1,0.549,0.469,13.9,8.8
Terrance Ferguson,2018,OKC,763.0,10.4,0.545,0.71,3.4,3.4
Terrence Ross,2018,ORL,600.0,17.3,0.505,0.487,9.3,6.7
Terry Rozier,2018,BOS,2068.0,20.4,0.52,0.503,17.5,9.9
Thabo Sefolosha,2018,UTA,806.0,16.4,0.591,0.35,6.3,11.3
Thaddeus Young,2018,IND,2607.0,17.3,0.528,0.209,8.5,11.1
Thon Maker,2018,MIL,1238.0,14.6,0.499,0.329,5.2,10.6
Tim Frazier,2018,WAS,838.0,12.8,0.475,0.326,31.1,7.8
Tim Hardaway Jr.,2018,NYK,1885.0,23.8,0.533,0.479,12.7,6.6
Timothé Luwawu-Cabarrot,2018,PHI,807.0,17.5,0.511,0.592,9.3,4.8
Tobias Harris,2018,TOT,2668.0,23.3,0.565,0.364,11.8,9.0
Tomáš Satoranský,2018,WAS,1643.0,13.7,0.615,0.263,24.8,8.0
Tony Parker,2018,SAS,1071.0,20.5,0.498,0.095,28.2,4.9
Tony Snell,2018,MIL,2053.0,10.6,0.578,0.631,6.5,4.0
Torrey Craig,2018,DEN,629.0,11.9,0.535,0.423,5.4,11.4
Treveon Graham,2018,CHO,1050.0,11.3,0.553,0.439,7.8,6.2
Trevor Ariza,2018,HOU,2269.0,14.4,0.567,0.71,6.8,7.3
Trevor Booker,2018,TOT,1158.0,16.6,0.557,0.096,10.8,14.9
Trey Burke,2018,NYK,785.0,25.1,0.563,0.273,36.4,5.0
Trey Lyles,2018,DEN,1391.0,21.1,0.591,0.396,10.1,14.0
Tristan Thompson,2018,CLE,1072.0,12.6,0.569,0.0,4.3,18.4
Troy Daniels,2018,PHO,1622.0,17.2,0.583,0.797,4.5,4.2
Tyler Cavanaugh,2018,ATL,518.0,14.8,0.567,0.586,7.8,13.7
Tyler Dorsey,2018,ATL,974.0,20.0,0.494,0.521,12.5,7.4
Tyler Ennis,2018,LAL,683.0,17.1,0.473,0.25,21.9,7.4
Tyler Johnson,2018,MIA,2052.0,18.6,0.549,0.456,12.4,6.8
Tyler Ulis,2018,PHO,1658.0,18.5,0.465,0.265,28.0,4.1
Tyler Zeller,2018,TOT,1109.0,16.4,0.598,0.084,6.7,15.2
Tyreke Evans,2018,MEM,1607.0,28.4,0.561,0.354,31.2,9.5
Tyrone Wallace,2018,LAC,851.0,16.6,0.517,0.162,11.8,6.8
Tyson Chandler,2018,PHO,1151.0,10.6,0.658,0.0,6.6,19.4
Tyus Jones,2018,MIN,1467.0,12.7,0.572,0.393,21.2,5.2
Victor Oladipo,2018,IND,2552.0,30.1,0.577,0.323,21.2,8.6
Vince Carter,2018,SAC,1026.0,14.7,0.523,0.583,9.7,8.2
Wayne Ellington,2018,MIA,2041.0,17.3,0.588,0.827,5.9,6.0
Wayne Selden,2018,MEM,692.0,22.6,0.551,0.454,16.0,4.7
Wes Iwundu,2018,ORL,1020.0,11.6,0.48,0.211,7.8,7.4
Wesley Johnson,2018,LAC,1486.0,13.0,0.512,0.481,5.6,8.0
Wesley Matthews,2018,DAL,2131.0,17.6,0.541,0.577,12.3,5.2
Will Barton,2018,DEN,2683.0,20.7,0.562,0.411,18.5,8.6
Willie Cauley-Stein,2018,SAC,2044.0,21.8,0.529,0.016,13.7,14.2
Wilson Chandler,2018,DEN,2346.0,14.3,0.542,0.39,9.4,9.6
Yogi Ferrell,2018,DAL,2282.0,17.0,0.54,0.492,13.5,6.1
Zach Collins,2018,POR,1045.0,15.4,0.475,0.391,7.1,11.5
Zach LaVine,2018,CHI,656.0,29.5,0.499,0.346,18.6,7.7
Zach Randolph,2018,SAC,1508.0,27.6,0.529,0.193,14.9,15.0
Zaza Pachulia,2018,GSW,972.0,17.0,0.612,0.004,15.2,18.5
Álex Abrines,2018,OKC,1134.0,12.7,0.567,0.759,3.4,5.6
Aaron Brooks,2017,IND,894.0,19.2,0.507,0.427,20.7,4.3
Aaron Gordon,2017,ORL,2298.0,20.1,0.53,0.309,10.5,9.6
Al Horford,2017,BOS,2193.0,19.7,0.553,0.302,24.4,11.8
Al Jefferson,2017,IND,931.0,26.1,0.526,0.002,11.0,16.8
Al-Farouq Aminu,2017,POR,1773.0,15.4,0.506,0.455,7.9,14.1
Alan Williams,2017,PHO,708.0,20.9,0.547,0.004,5.2,22.4
Alec Burks,2017,UTA,653.0,22.7,0.501,0.306,7.5,10.6
Alex Len,2017,PHO,1560.0,17.6,0.553,0.026,4.2,17.8
Alexis Ajinça,2017,NOP,584.0,17.2,0.529,0.022,3.1,16.0
Allen Crabbe,2017,POR,2254.0,14.9,0.602,0.467,6.1,5.6
Amir Johnson,2017,BOS,1608.0,13.6,0.628,0.178,13.0,12.7
Andre Drummond,2017,DET,2409.0,22.4,0.518,0.008,6.0,25.2
Andre Iguodala,2017,GSW,1998.0,11.2,0.624,0.427,16.7,8.3
Andre Roberson,2017,OKC,2376.0,10.1,0.51,0.397,4.6,9.4
Andrew Bogut,2017,TOT,583.0,10.4,0.46,0.012,12.3,21.7
Andrew Harrison,2017,MEM,1474.0,16.4,0.477,0.433,20.0,5.3
Andrew Wiggins,2017,MIN,3048.0,29.0,0.534,0.184,10.6,6.3
Anthony Davis,2017,NOP,2708.0,32.6,0.58,0.088,11.1,17.2
Anthony Morrow,2017,TOT,714.0,16.4,0.505,0.528,5.2,2.4
Anthony Tolliver,2017,SAC,1477.0,13.6,0.595,0.655,7.7,9.3
Aron Baynes,2017,DET,1163.0,14.1,0.57,0.0,3.9,15.6
Arron Afflalo,2017,SAC,1580.0,14.4,0.559,0.36,7.4,4.6
Austin Rivers,2017,LAC,2054.0,20.3,0.545,0.409,15.0,4.4
Avery Bradley,2017,BOS,1835.0,21.9,0.548,0.357,11.0,10.1
Ben McLemore,2017,SAC,1176.0,20.1,0.538,0.406,6.9,6.3
Beno Udrih,2017,DET,560.0,19.6,0.535,0.162,35.4,5.6
Bismack Biyombo,2017,ORL,1793.0,13.2,0.546,0.0,6.0,17.2
Blake Griffin,2017,LAC,2076.0,28.0,0.569,0.116,24.5,13.4
Bobby Portis,2017,CHI,1000.0,19.1,0.545,0.256,5.7,16.0
Bojan Bogdanović,2017,TOT,2083.0,22.4,0.585,0.464,8.7,7.2
Boris Diaw,2017,UTA,1283.0,15.6,0.494,0.248,20.3,7.1
Bradley Beal,2017,WAS,2684.0,26.5,0.604,0.418,16.2,5.0
Brandon Bass,2017,LAC,577.0,19.7,0.65,0.016,5.7,12.5
Brandon Ingram,2017,LAL,2279.0,16.8,0.474,0.273,10.5,7.6
Brandon Jennings,2017,TOT,1802.0,17.6,0.479,0.471,30.4,5.9
Brandon Knight,2017,PHO,1140.0,25.0,0.502,0.265,17.8,5.6
Brandon Rush,2017,MIN,1030.0,9.6,0.505,0.61,5.8,5.6
Brook Lopez,2017,BRK,2222.0,29.2,0.578,0.33,14.8,9.6
Buddy Hield,2017,TOT,1888.0,21.3,0.541,0.494,10.3,7.8
C.J. Miles,2017,IND,1776.0,18.4,0.592,0.632,4.1,7.2
C.J. Watson,2017,ORL,1012.0,14.1,0.507,0.423,16.1,4.8
CJ McCollum,2017,POR,2796.0,27.5,0.585,0.305,18.0,5.7
Caris LeVert,2017,BRK,1237.0,16.6,0.556,0.484,13.7,8.0
Carmelo Anthony,2017,NYK,2538.0,29.1,0.535,0.303,14.5,9.3
Chandler Parsons,2017,MEM,675.0,17.8,0.436,0.419,12.8,7.1
Channing Frye,2017,CLE,1398.0,19.3,0.612,0.644,4.9,11.4
Chris Paul,2017,LAC,1921.0,24.4,0.614,0.385,46.8,8.8
Clint Capela,2017,HOU,1551.0,19.9,0.638,0.0,6.7,18.5
Cody Zeller,2017,CHO,1725.0,15.5,0.604,0.002,9.1,12.9
Cole Aldrich,2017,MIN,531.0,9.4,0.549,0.0,6.4,17.4
Corey Brewer,2017,TOT,1281.0,14.3,0.491,0.339,10.7,7.1
Cory Joseph,2017,TOR,2003.0,18.4,0.518,0.204,20.0,6.6
Courtney Lee,2017,NYK,2459.0,14.4,0.559,0.382,10.6,5.7
Cristiano Felício,2017,CHI,1040.0,12.4,0.603,0.0,5.7,16.1
D'Angelo Russell,2017,LAL,1811.0,26.6,0.518,0.443,26.8,6.7
D.J. Augustin,2017,ORL,1538.0,19.4,0.524,0.53,20.4,4.1
Damian Lillard,2017,POR,2694.0,31.5,0.586,0.389,28.7,7.6
Danilo Gallinari,2017,DEN,2134.0,20.0,0.622,0.432,9.1,8.4
Danny Green,2017,SAS,1807.0,13.5,0.537,0.693,9.6,7.0
Dante Cunningham,2017,NOP,1649.0,10.7,0.586,0.504,3.2,8.9
Dante Exum,2017,UTA,1228.0,18.1,0.521,0.41,14.1,6.2
Dario Šarić,2017,PHI,2129.0,24.6,0.508,0.368,14.3,13.3
Darrell Arthur,2017,DEN,639.0,17.3,0.583,0.544,9.3,9.7
Darren Collison,2017,SAC,2063.0,19.8,0.57,0.245,24.5,4.3
David Lee,2017,SAS,1477.0,16.9,0.613,0.0,13.0,16.9
David West,2017,GSW,854.0,17.9,0.571,0.032,24.1,13.0
DeAndre Jordan,2017,LAC,2570.0,15.3,0.673,0.003,5.7,24.2
DeAndre Liggins,2017,TOT,777.0,11.6,0.476,0.324,9.2,7.7
DeMar DeRozan,2017,TOR,2620.0,34.3,0.552,0.08,20.6,8.3
DeMarcus Cousins,2017,TOT,2465.0,36.5,0.562,0.253,25.8,18.2
DeMarre Carroll,2017,TOR,1882.0,15.6,0.53,0.582,5.7,8.3
Dennis Schröder,2017,ATL,2485.0,27.8,0.533,0.242,35.5,5.5
Denzel Valentine,2017,CHI,976.0,15.4,0.492,0.722,9.3,8.3
Deron Williams,2017,TOT,1657.0,22.1,0.541,0.39,35.9,5.1
Derrick Favors,2017,UTA,1186.0,20.7,0.512,0.024,7.9,14.9
Derrick Jones Jr.,2017,PHO,545.0,11.7,0.604,0.091,3.1,7.9
Derrick Rose,2017,NYK,2082.0,25.7,0.53,0.061,22.8,6.4
Derrick Williams,2017,TOT,804.0,17.2,0.537,0.398,5.1,8.9
Devin Booker,2017,PHO,2730.0,28.6,0.531,0.283,16.3,5.0
Devin Harris,2017,DAL,1087.0,19.7,0.549,0.519,20.0,6.8
Dewayne Dedmon,2017,SAS,1330.0,12.3,0.645,0.0,4.8,21.1
Dion Waiters,2017,MIA,1384.0,26.3,0.507,0.324,23.8,6.1
Dirk Nowitzki,2017,DAL,1424.0,25.8,0.529,0.308,10.6,14.4
Domantas Sabonis,2017,OKC,1632.0,15.4,0.469,0.331,7.2,9.8
Dorian Finney-Smith,2017,DAL,1642.0,11.6,0.486,0.574,6.0,7.9
Doug McDermott,2017,TOT,1508.0,16.4,0.554,0.419,5.9,6.4
Dragan Bender,2017,PHO,574.0,14.4,0.44,0.627,5.5,9.7
Draymond Green,2017,GSW,2471.0,16.2,0.522,0.405,27.6,13.3
Dwight Howard,2017,ATL,2199.0,19.2,0.627,0.003,7.8,23.5
Dwight Powell,2017,DAL,1333.0,16.7,0.588,0.196,6.1,13.3
Dwyane Wade,2017,CHI,1792.0,29.6,0.508,0.152,22.3,8.1
Dāvis Bertāns,2017,SAS,808.0,15.7,0.609,0.739,8.3,6.9
E'Twaun Moore,2017,NOP,1820.0,17.4,0.537,0.336,13.8,4.4
Ed Davis,2017,POR,789.0,12.0,0.563,0.0,4.6,17.1
Elfrid Payton,2017,ORL,2412.0,21.6,0.52,0.16,35.7,8.7
Emmanuel Mudiay,2017,DEN,1406.0,22.6,0.483,0.323,21.8,7.0
Enes Freedom,2017,OKC,1533.0,27.3,0.599,0.052,7.9,17.4
Eric Bledsoe,2017,PHO,2176.0,28.1,0.563,0.3,31.1,8.0
Eric Gordon,2017,HOU,2323.0,22.1,0.557,0.651,12.3,4.7
Ersan İlyasova,2017,TOT,2142.0,22.2,0.546,0.452,11.0,12.4
Evan Fournier,2017,ORL,2234.0,23.5,0.555,0.387,14.8,5.1
Evan Turner,2017,POR,1658.0,18.5,0.491,0.214,18.4,8.3
Frank Kaminsky,2017,CHO,1954.0,21.8,0.502,0.441,13.5,9.5
Garrett Temple,2017,SAC,1728.0,14.2,0.545,0.509,14.4,6.2
Gary Harris,2017,DEN,1782.0,18.4,0.611,0.4,13.6,5.5
George Hill,2017,UTA,1544.0,23.5,0.599,0.384,22.8,6.2
Gerald Green,2017,BOS,538.0,22.7,0.524,0.478,9.8,8.7
Gerald Henderson,2017,PHI,1667.0,17.9,0.529,0.313,10.5,6.1
Giannis Antetokounmpo,2017,MIL,2845.0,28.3,0.599,0.143,26.6,14.3
Glenn Robinson III,2017,IND,1427.0,12.8,0.564,0.37,4.7,9.7
Goran Dragić,2017,MIA,2459.0,27.1,0.575,0.257,29.0,6.3
Gordon Hayward,2017,UTA,2516.0,27.6,0.595,0.324,18.2,9.0
Gorgui Dieng,2017,MIN,2653.0,14.0,0.555,0.065,8.6,14.2
Greg Monroe,2017,MIL,1823.0,24.3,0.572,0.006,17.3,17.0
Harrison Barnes,2017,DAL,2803.0,25.3,0.541,0.173,7.7,8.2
Hassan Whiteside,2017,MIA,2513.0,22.7,0.579,0.0,3.8,24.0
Hollis Thompson,2017,TOT,752.0,13.0,0.482,0.475,6.8,8.1
Ian Clark,2017,GSW,1137.0,19.5,0.575,0.376,11.2,5.8
Ian Mahinmi,2017,WAS,555.0,14.0,0.601,0.0,4.7,15.2
Iman Shumpert,2017,CLE,1937.0,14.0,0.536,0.534,7.8,6.2
Isaiah Canaan,2017,CHI,592.0,15.4,0.483,0.543,9.0,4.6
Isaiah Thomas,2017,BOS,2569.0,34.0,0.625,0.439,32.5,4.4
Isaiah Whitehead,2017,BRK,1643.0,18.2,0.487,0.293,17.7,5.9
Ish Smith,2017,DET,1955.0,20.5,0.477,0.14,32.5,6.6
Ivica Zubac,2017,LAL,609.0,20.3,0.547,0.013,8.1,14.3
J.J. Barea,2017,DAL,771.0,26.2,0.521,0.431,44.2,6.3
J.J. Redick,2017,LAC,2198.0,22.0,0.599,0.526,7.8,4.4
J.R. Smith,2017,CLE,1187.0,14.6,0.484,0.761,7.3,5.2
JaMychal Green,2017,MEM,2101.0,14.4,0.601,0.29,6.3,14.8
JaVale McGee,2017,GSW,739.0,23.8,0.642,0.009,3.8,18.1
Jabari Parker,2017,MIL,1728.0,26.5,0.563,0.219,14.3,10.6
Jae Crowder,2017,BOS,2335.0,17.0,0.613,0.547,10.1,9.9
Jahlil Okafor,2017,PHI,1134.0,24.1,0.546,0.0,9.0,11.7
Jakob Poeltl,2017,TOR,626.0,12.1,0.589,0.0,2.7,14.9
Jamal Crawford,2017,LAC,2157.0,22.7,0.525,0.37,15.2,3.3
Jamal Murray,2017,DEN,1764.0,21.6,0.518,0.471,14.0,6.7
Jameer Nelson,2017,DEN,2045.0,15.8,0.544,0.452,26.0,5.2
James Ennis III,2017,MEM,1501.0,13.0,0.581,0.427,6.5,9.9
James Harden,2017,HOU,2947.0,34.2,0.613,0.493,50.7,12.2
James Johnson,2017,MIA,2085.0,22.0,0.564,0.333,20.9,10.0
Jared Dudley,2017,PHO,1362.0,13.8,0.579,0.587,12.5,9.0
Jarell Martin,2017,MEM,558.0,16.4,0.477,0.166,2.2,16.6
Jason Smith,2017,WAS,1068.0,16.7,0.598,0.237,5.0,13.6
Jason Terry,2017,MIL,1365.0,9.8,0.6,0.704,9.9,4.5
Jaylen Brown,2017,BOS,1341.0,18.1,0.539,0.319,7.2,9.1
Jeff Green,2017,ORL,1534.0,20.3,0.505,0.346,8.1,7.6
Jeff Teague,2017,IND,2657.0,22.1,0.574,0.277,36.4,7.0
Jerami Grant,2017,TOT,1531.0,12.1,0.556,0.354,4.2,7.4
Jeremy Lamb,2017,CHO,1143.0,23.2,0.55,0.297,11.3,12.7
Jeremy Lin,2017,BRK,883.0,26.6,0.566,0.39,35.5,8.1
Jerian Grant,2017,CHI,1028.0,16.0,0.555,0.445,17.4,5.8
Jimmy Butler,2017,CHI,2809.0,26.5,0.586,0.198,24.8,9.0
Joakim Noah,2017,NYK,1015.0,12.6,0.491,0.005,14.1,21.4
Jodie Meeks,2017,ORL,738.0,19.4,0.567,0.535,9.3,5.7
Joe Harris,2017,BRK,1138.0,16.5,0.558,0.61,7.3,6.8
Joe Ingles,2017,UTA,1972.0,13.9,0.604,0.619,17.2,7.6
Joe Johnson,2017,UTA,1843.0,18.5,0.542,0.412,12.6,7.6
Joel Embiid,2017,PHI,786.0,36.0,0.584,0.228,16.0,17.0
Joffrey Lauvergne,2017,TOT,980.0,18.5,0.509,0.292,10.8,14.1
John Henson,2017,MIL,1123.0,16.6,0.55,0.003,7.7,15.3
John Wall,2017,WAS,2836.0,30.6,0.541,0.19,46.9,6.5
Jon Leuer,2017,DET,1944.0,17.3,0.551,0.259,8.6,11.3
Jonas Jerebko,2017,BOS,1232.0,11.4,0.537,0.496,8.1,12.3
Jonas Valančiūnas,2017,TOR,2066.0,19.5,0.601,0.003,4.4,20.8
Jonathon Simmons,2017,SAS,1392.0,18.0,0.504,0.242,13.2,6.5
Jordan Clarkson,2017,LAL,2397.0,23.3,0.526,0.332,14.4,5.6
Josh Richardson,2017,MIA,1614.0,16.8,0.493,0.442,12.7,5.8
José Calderón,2017,TOT,539.0,14.4,0.506,0.478,23.3,7.5
Jrue Holiday,2017,NOP,2190.0,23.5,0.532,0.315,35.9,6.4
Juancho Hernangómez,2017,DEN,842.0,14.6,0.592,0.504,4.7,12.3
Julius Randle,2017,LAL,2132.0,21.4,0.543,0.082,19.3,16.3
Justin Anderson,2017,TOT,1228.0,20.9,0.537,0.442,8.8,11.4
Justin Hamilton,2017,BRK,1177.0,16.2,0.55,0.475,7.3,11.8
Justin Holiday,2017,NYK,1639.0,16.9,0.549,0.507,9.2,7.4
Justise Winslow,2017,MIA,625.0,19.8,0.399,0.156,15.5,8.3
Jusuf Nurkić,2017,TOT,1391.0,23.9,0.528,0.002,13.9,18.6
K.J. McDaniels,2017,TOT,505.0,18.1,0.555,0.391,4.0,8.7
Karl-Anthony Towns,2017,MIN,3030.0,27.5,0.618,0.186,13.2,19.4
Kawhi Leonard,2017,SAS,2474.0,31.1,0.61,0.295,18.9,9.8
Kelly Olynyk,2017,BOS,1538.0,19.0,0.603,0.378,15.2,13.1
Kelly Oubre Jr.,2017,WAS,1605.0,14.6,0.516,0.425,4.0,9.2
Kemba Walker,2017,CHO,2739.0,29.2,0.569,0.415,29.1,6.2
Kenneth Faried,2017,DEN,1296.0,18.3,0.588,0.014,6.3,19.7
Kent Bazemore,2017,ATL,1963.0,20.5,0.504,0.369,14.2,6.5
Kentavious Caldwell-Pope,2017,DET,2529.0,19.2,0.519,0.471,11.2,5.3
Kevin Durant,2017,GSW,2070.0,27.8,0.651,0.304,23.1,13.6
Kevin Love,2017,CLE,1885.0,26.4,0.573,0.449,9.8,19.5
Kevin Séraphin,2017,IND,559.0,19.0,0.559,0.01,6.7,14.3
Khris Middleton,2017,MIL,889.0,22.5,0.57,0.312,17.5,8.1
Klay Thompson,2017,GSW,2649.0,26.1,0.592,0.47,9.3,5.9
Kosta Koufos,2017,SAC,1419.0,15.3,0.56,0.003,5.3,16.4
Kris Dunn,2017,MIN,1333.0,14.2,0.432,0.233,19.4,7.3
Kris Humphries,2017,ATL,689.0,17.6,0.514,0.252,6.4,16.4
Kristaps Porziņģis,2017,NYK,2164.0,24.3,0.546,0.319,7.3,11.8
Kyle Anderson,2017,SAS,1020.0,12.1,0.525,0.191,12.4,11.5
Kyle Korver,2017,TOT,1753.0,15.2,0.635,0.697,9.4,5.8
Kyle Lowry,2017,TOR,2244.0,24.9,0.623,0.51,29.9,7.2
Kyle O'Quinn,2017,NYK,1229.0,18.5,0.552,0.041,14.8,19.2
Kyrie Irving,2017,CLE,2525.0,30.8,0.58,0.311,29.7,5.0
LaMarcus Aldridge,2017,SAS,2335.0,24.5,0.532,0.053,9.9,12.7
Lance Thomas,2017,NYK,968.0,13.1,0.516,0.348,5.0,7.9
Langston Galloway,2017,TOT,1495.0,18.4,0.51,0.565,9.4,5.6
Larry Nance Jr.,2017,LAL,1442.0,13.4,0.567,0.1,9.7,14.0
Lavoy Allen,2017,IND,871.0,10.9,0.485,0.006,9.1,14.1
LeBron James,2017,CLE,2794.0,30.0,0.619,0.254,41.3,12.6
Leandro Barbosa,2017,PHO,963.0,20.0,0.509,0.25,13.0,5.9
Lou Williams,2017,TOT,1994.0,29.1,0.593,0.447,19.9,5.5
Luc Mbah a Moute,2017,LAC,1787.0,11.6,0.581,0.291,3.1,5.3
Lucas Nogueira,2017,TOR,1088.0,9.5,0.682,0.077,5.4,12.7
Luke Babbitt,2017,MIA,1065.0,13.0,0.563,0.747,4.8,7.3
Luol Deng,2017,LAL,1486.0,14.2,0.47,0.389,7.0,10.8
Malcolm Brogdon,2017,MIL,1982.0,18.5,0.555,0.304,24.3,6.3
Malcolm Delaney,2017,ATL,1248.0,18.3,0.456,0.284,23.1,5.4
Manu Ginóbili,2017,SAS,1291.0,20.4,0.532,0.517,20.8,6.9
Marc Gasol,2017,MEM,2531.0,26.4,0.554,0.231,24.8,10.5
Marcin Gortat,2017,WAS,2556.0,14.7,0.593,0.003,6.8,18.7
Marco Belinelli,2017,CHO,1778.0,19.2,0.566,0.46,13.1,5.5
Marcus Morris,2017,DET,2565.0,20.3,0.508,0.355,9.4,7.8
Marcus Smart,2017,BOS,2399.0,18.8,0.486,0.443,22.0,7.1
Marcus Thornton,2017,WAS,575.0,18.7,0.494,0.381,10.1,7.5
Mario Hezonja,2017,ORL,960.0,18.8,0.45,0.436,9.6,8.3
Markieff Morris,2017,WAS,2374.0,20.5,0.54,0.22,7.8,11.7
Marquese Chriss,2017,PHO,1743.0,19.7,0.529,0.354,5.2,10.8
Marreese Speights,2017,LAC,1286.0,23.6,0.584,0.505,8.0,16.2
Marvin Williams,2017,CHO,2295.0,16.3,0.551,0.503,7.1,12.0
Mason Plumlee,2017,TOT,2148.0,18.1,0.558,0.01,19.8,15.6
Matt Barnes,2017,TOT,1777.0,15.6,0.514,0.556,15.7,12.3
Matthew Dellavedova,2017,MIL,1986.0,16.3,0.501,0.403,25.7,4.3
Maurice Harkless,2017,POR,2223.0,15.2,0.57,0.311,5.9,8.5
Meyers Leonard,2017,POR,1222.0,15.5,0.507,0.563,8.4,10.8
Michael Beasley,2017,MIL,935.0,25.3,0.584,0.106,9.9,12.0
Michael Carter-Williams,2017,CHI,846.0,20.9,0.437,0.209,20.0,9.8
Michael Kidd-Gilchrist,2017,CHO,2349.0,14.6,0.528,0.015,7.4,13.2
Mike Conley,2017,MEM,2292.0,26.3,0.604,0.415,34.5,6.0
Mike Dunleavy,2017,TOT,841.0,14.0,0.573,0.609,8.6,7.5
Mike Muscala,2017,ATL,1237.0,14.8,0.596,0.326,11.9,10.7
Mindaugas Kuzminskas,2017,NYK,1016.0,19.2,0.533,0.455,10.3,6.7
Mirza Teletović,2017,MIL,1133.0,19.1,0.515,0.73,6.4,8.3
Monta Ellis,2017,IND,1998.0,16.8,0.514,0.242,17.2,5.7
Montrezl Harrell,2017,HOU,1064.0,17.6,0.662,0.02,9.6,11.2
Myles Turner,2017,IND,2541.0,19.5,0.585,0.132,6.6,13.0
Nemanja Bjelica,2017,MIN,1190.0,16.4,0.526,0.497,9.6,12.0
Nenê,2017,HOU,1198.0,19.7,0.63,0.023,8.6,12.8
Nerlens Noel,2017,TOT,1047.0,17.6,0.622,0.003,8.1,15.9
Nick Young,2017,LAL,1556.0,19.5,0.588,0.665,5.8,4.8
Nicolas Batum,2017,CHO,2617.0,22.3,0.529,0.415,27.7,10.1
Nicolás Brussino,2017,DAL,521.0,16.0,0.498,0.674,13.9,10.6
Nik Stauskas,2017,PHI,2188.0,16.4,0.54,0.566,12.9,5.7
Nikola Jokić,2017,DEN,2038.0,23.5,0.64,0.163,28.8,19.5
Nikola Mirotić,2017,CHI,1679.0,19.8,0.546,0.603,6.9,12.3
Nikola Vučević,2017,ORL,2163.0,24.8,0.498,0.073,16.9,19.6
Noah Vonleh,2017,POR,1265.0,13.1,0.525,0.074,3.4,17.0
Norman Powell,2017,TOR,1368.0,21.1,0.552,0.342,9.3,7.0
Omri Casspi,2017,TOT,643.0,14.4,0.526,0.262,8.6,10.1
Otto Porter Jr.,2017,WAS,2605.0,15.1,0.628,0.425,6.7,11.1
P.J. Tucker,2017,TOT,2236.0,11.2,0.516,0.407,6.0,11.6
Pascal Siakam,2017,TOR,859.0,13.1,0.523,0.034,2.9,12.2
Patrick Beverley,2017,HOU,2058.0,14.1,0.546,0.53,18.8,10.4
Patrick McCaw,2017,GSW,1074.0,11.9,0.54,0.502,9.0,5.1
Patrick Patterson,2017,TOR,1599.0,12.5,0.542,0.659,6.6,10.4
Patty Mills,2017,SAS,1754.0,19.5,0.578,0.572,24.3,4.6
Pau Gasol,2017,SAS,1627.0,21.3,0.578,0.172,14.7,17.4
Paul George,2017,IND,2689.0,28.9,0.587,0.368,16.1,10.3
Paul Millsap,2017,ATL,2343.0,24.4,0.542,0.248,17.9,12.5
Paul Zipser,2017,CHI,843.0,14.4,0.503,0.448,6.1,8.0
Quincy Acy,2017,TOT,558.0,16.8,0.565,0.529,4.9,11.0
Rajon Rondo,2017,CHI,1843.0,17.8,0.461,0.237,37.0,10.4
Ramon Sessions,2017,CHO,811.0,20.1,0.495,0.236,24.2,4.9
Randy Foye,2017,BRK,1284.0,14.4,0.506,0.625,15.2,6.4
Raymond Felton,2017,LAC,1700.0,16.5,0.496,0.28,16.3,7.2
Reggie Jackson,2017,DET,1424.0,26.4,0.51,0.272,30.3,4.4
Richard Jefferson,2017,CLE,1614.0,12.2,0.574,0.542,6.6,6.9
Richaun Holmes,2017,PHI,1193.0,18.6,0.611,0.187,8.3,14.4
Ricky Rubio,2017,MIN,2469.0,17.4,0.539,0.302,38.9,7.2
Robert Covington,2017,PHI,2119.0,19.2,0.534,0.563,7.5,11.3
Robin Lopez,2017,CHI,2271.0,17.5,0.511,0.003,5.6,12.3
Rodney Hood,2017,UTA,1593.0,22.9,0.522,0.461,10.1,7.3
Rodney McGruder,2017,MIA,1966.0,12.3,0.506,0.478,8.8,7.2
Rodney Stuckey,2017,IND,696.0,22.2,0.483,0.246,17.7,6.8
Ron Baker,2017,NYK,857.0,14.8,0.456,0.396,17.3,6.2
Rondae Hollis-Jefferson,2017,BRK,1761.0,18.7,0.517,0.124,13.4,13.6
Roy Hibbert,2017,TOT,682.0,14.0,0.614,0.0,4.6,12.3
Rudy Gay,2017,SAC,1013.0,25.8,0.559,0.256,14.1,10.8
Rudy Gobert,2017,UTA,2744.0,16.7,0.681,0.002,5.7,21.8
Russell Westbrook,2017,OKC,2802.0,41.7,0.554,0.3,57.3,17.1
Ryan Anderson,2017,HOU,2116.0,17.9,0.583,0.655,4.7,8.5
Salah Mejri,2017,DAL,905.0,10.6,0.65,0.022,2.4,19.8
Sam Dekker,2017,HOU,1419.0,14.9,0.549,0.436,7.7,10.9
Sean Kilpatrick,2017,BRK,1754.0,23.8,0.546,0.419,14.6,8.4
Semaj Christon,2017,OKC,973.0,12.2,0.387,0.283,18.1,4.9
Serge Ibaka,2017,TOT,2422.0,20.9,0.566,0.323,5.2,12.2
Sergio Rodríguez,2017,PHI,1518.0,19.3,0.484,0.47,35.4,5.7
Seth Curry,2017,DAL,2029.0,19.5,0.601,0.458,16.0,5.1
Shabazz Muhammad,2017,MIN,1516.0,21.5,0.566,0.242,3.7,8.5
Shabazz Napier,2017,POR,512.0,21.2,0.533,0.503,19.5,6.6
Shaun Livingston,2017,GSW,1345.0,13.0,0.568,0.009,13.5,6.2
Shelvin Mack,2017,UTA,1205.0,19.6,0.518,0.315,20.4,6.0
Skal Labissière,2017,SAC,612.0,21.3,0.577,0.037,7.5,15.3
Solomon Hill,2017,NOP,2374.0,11.5,0.527,0.565,8.1,6.8
Spencer Dinwiddie,2017,BRK,1334.0,14.1,0.581,0.334,20.3,6.5
Spencer Hawes,2017,TOT,797.0,19.8,0.562,0.292,16.5,13.4
Stanley Johnson,2017,DET,1371.0,14.8,0.436,0.422,10.5,7.5
Stephen Curry,2017,GSW,2638.0,30.1,0.624,0.547,31.2,7.3
Steven Adams,2017,OKC,2389.0,16.2,0.589,0.002,5.4,14.2
T.J. McConnell,2017,PHI,2133.0,14.4,0.504,0.107,37.5,6.5
T.J. Warren,2017,PHO,2048.0,19.2,0.539,0.12,5.8,9.0
Taj Gibson,2017,TOT,1989.0,19.3,0.543,0.018,5.9,13.2
Tarik Black,2017,LAL,1091.0,15.7,0.56,0.007,5.3,17.2
Taurean Prince,2017,ATL,981.0,17.2,0.513,0.358,8.4,8.8
Terrence Jones,2017,TOT,1270.0,21.4,0.515,0.152,7.5,12.7
Terrence Ross,2017,TOT,1955.0,19.3,0.55,0.524,7.1,5.9
Terry Rozier,2017,BOS,1263.0,17.1,0.466,0.436,15.2,10.0
Thabo Sefolosha,2017,ATL,1596.0,13.3,0.519,0.304,9.9,9.3
Thaddeus Young,2017,IND,2237.0,16.4,0.562,0.172,8.4,11.2
Thomas Robinson,2017,LAL,560.0,20.7,0.535,0.005,8.8,21.8
Thon Maker,2017,MIL,562.0,17.8,0.558,0.409,6.2,11.8
Tim Frazier,2017,NOP,1525.0,16.3,0.504,0.317,31.4,6.0
Tim Hardaway Jr.,2017,ATL,2154.0,22.5,0.568,0.457,14.3,5.7
Timofey Mozgov,2017,LAL,1104.0,16.8,0.553,0.003,5.9,13.1
Timothé Luwawu-Cabarrot,2017,PHI,1190.0,17.8,0.536,0.446,9.6,6.9
Tobias Harris,2017,DET,2567.0,21.7,0.568,0.295,8.8,8.8
Tomáš Satoranský,2017,WAS,719.0,12.1,0.477,0.252,16.7,6.5
Tony Allen,2017,MEM,1914.0,17.9,0.493,0.091,8.4,11.7
Tony Parker,2017,SAS,1587.0,20.2,0.514,0.121,27.8,4.0
Tony Snell,2017,MIL,2336.0,12.1,0.603,0.656,5.9,6.2
Trevor Ariza,2017,HOU,2773.0,14.1,0.548,0.695,8.8,9.0
Trevor Booker,2017,BRK,1754.0,18.7,0.554,0.132,12.9,17.2
Trey Burke,2017,WAS,703.0,19.6,0.532,0.275,20.7,3.8
Trey Lyles,2017,UTA,1158.0,21.7,0.464,0.465,9.5,11.7
Tristan Thompson,2017,CLE,2336.0,11.3,0.594,0.007,4.6,16.9
Troy Daniels,2017,MEM,1183.0,21.7,0.531,0.717,6.6,4.8
Troy Williams,2017,TOT,557.0,17.1,0.511,0.371,7.0,7.0
Ty Lawson,2017,SAC,1732.0,19.5,0.551,0.226,29.9,6.0
Tyler Ennis,2017,TOT,588.0,19.1,0.521,0.337,21.7,4.2
Tyler Johnson,2017,MIA,2178.0,20.9,0.535,0.303,16.6,7.4
Tyler Ulis,2017,PHO,1123.0,20.3,0.474,0.181,30.5,4.6
Tyler Zeller,2017,BOS,525.0,16.5,0.508,0.006,12.2,13.2
Tyreke Evans,2017,TOT,788.0,26.7,0.501,0.319,25.9,9.5
Tyson Chandler,2017,PHO,1298.0,11.2,0.703,0.0,3.3,22.6
Tyus Jones,2017,MIN,774.0,13.6,0.523,0.403,28.0,5.0
Victor Oladipo,2017,OKC,2222.0,21.4,0.534,0.378,12.5,7.2
Vince Carter,2017,MEM,1799.0,14.9,0.542,0.604,11.5,7.2
Wayne Ellington,2017,MIA,1500.0,17.9,0.565,0.71,7.1,4.9
Wesley Johnson,2017,LAC,810.0,12.5,0.448,0.59,3.9,12.5
Wesley Matthews,2017,DAL,2495.0,19.4,0.533,0.566,13.6,6.0
Will Barton,2017,DEN,1705.0,21.1,0.547,0.353,17.7,8.4
Willie Cauley-Stein,2017,SAC,1421.0,19.7,0.558,0.004,9.4,13.8
Willie Reed,2017,MIA,1031.0,15.3,0.578,0.014,3.9,17.8
Willy Hernangómez,2017,NYK,1324.0,20.3,0.564,0.032,11.5,20.4
Wilson Chandler,2017,DEN,2197.0,22.0,0.545,0.347,9.8,11.6
Yogi Ferrell,2017,TOT,1197.0,19.6,0.533,0.447,23.2,5.3
Zach LaVine,2017,MIN,1749.0,21.7,0.576,0.437,12.6,5.3
Zach Randolph,2017,MEM,1786.0,29.2,0.49,0.098,13.5,19.2
Zaza Pachulia,2017,GSW,1268.0,15.3,0.588,0.007,13.6,17.7
Álex Abrines,2017,OKC,1055.0,15.9,0.56,0.724,5.5,4.5
Aaron Brooks,2016,CHI,1108.0,22.9,0.494,0.394,26.0,4.8
Aaron Gordon,2016,ORL,1863.0,17.3,0.541,0.245,10.3,15.1
Al Horford,2016,ATL,2631.0,20.6,0.565,0.244,16.7,12.4
Al Jefferson,2016,CHO,1096.0,24.2,0.507,0.0,11.8,15.0
Al-Farouq Aminu,2016,POR,2341.0,16.9,0.533,0.485,8.8,11.5
Alec Burks,2016,UTA,797.0,25.9,0.52,0.237,13.9,8.0
Alex Len,2016,PHO,1821.0,20.4,0.482,0.011,8.5,17.7
Alexis Ajinça,2016,NOP,861.0,20.4,0.514,0.003,5.8,17.3
Allen Crabbe,2016,POR,2105.0,16.4,0.572,0.42,7.2,5.6
Alonzo Gee,2016,NOP,1632.0,9.2,0.572,0.235,6.2,8.3
Amar'e Stoudemire,2016,MIA,762.0,17.8,0.599,0.0,5.6,16.5
Amir Johnson,2016,BOS,1800.0,13.6,0.602,0.101,11.4,14.9
Andre Drummond,2016,DET,2666.0,24.1,0.499,0.006,4.4,24.5
Andre Iguodala,2016,GSW,1732.0,12.1,0.565,0.418,16.3,8.2
Andre Roberson,2016,OKC,1553.0,9.1,0.566,0.376,4.0,8.8
Andrea Bargnani,2016,BRK,634.0,23.2,0.5,0.057,4.8,8.6
Andrew Bogut,2016,GSW,1451.0,11.4,0.623,0.004,14.8,18.3
Andrew Nicholson,2016,ORL,823.0,20.4,0.567,0.368,4.8,13.5
Andrew Wiggins,2016,MIN,2845.0,27.2,0.543,0.147,10.1,5.9
Anthony Brown,2016,LAL,599.0,11.0,0.427,0.556,4.8,6.3
Anthony Davis,2016,NOP,2164.0,29.6,0.559,0.095,10.0,16.1
Anthony Morrow,2016,OKC,926.0,16.9,0.543,0.613,3.7,3.6
Anthony Tolliver,2016,DET,1341.0,12.4,0.543,0.819,5.6,9.3
Archie Goodwin,2016,PHO,1114.0,23.2,0.498,0.235,17.2,6.9
Aron Baynes,2016,DET,1233.0,18.5,0.563,0.005,6.6,17.0
Arron Afflalo,2016,NYK,2371.0,17.9,0.531,0.298,9.9,6.1
Austin Rivers,2016,LAC,1464.0,19.4,0.523,0.359,10.6,4.8
Avery Bradley,2016,BOS,2536.0,19.8,0.538,0.399,9.8,4.6
Ben McLemore,2016,SAC,1443.0,17.6,0.531,0.407,7.9,5.6
Beno Udrih,2016,TOT,707.0,16.7,0.496,0.222,24.9,5.8
Bismack Biyombo,2016,TOR,1808.0,11.5,0.586,0.003,2.4,20.8
Blake Griffin,2016,LAC,1170.0,29.8,0.544,0.03,27.2,13.7
Boban Marjanović,2016,SAS,508.0,22.8,0.662,0.0,6.6,21.7
Bobby Portis,2016,CHI,1102.0,20.7,0.469,0.119,7.5,16.1
Bojan Bogdanović,2016,BRK,2115.0,19.4,0.55,0.451,7.3,6.8
Boris Diaw,2016,SAS,1386.0,17.0,0.582,0.18,18.4,9.6
Bradley Beal,2016,WAS,1708.0,25.3,0.547,0.339,15.6,6.2
Brandon Bass,2016,LAL,1342.0,13.9,0.619,0.006,9.2,11.4
Brandon Jennings,2016,TOT,868.0,20.0,0.491,0.51,29.2,6.1
Brandon Knight,2016,PHO,1870.0,26.2,0.522,0.392,24.4,5.9
Brandon Rush,2016,GSW,1055.0,12.5,0.56,0.604,7.0,9.2
Brook Lopez,2016,BRK,2457.0,27.3,0.562,0.012,10.8,13.1
C.J. Miles,2016,IND,1464.0,22.8,0.547,0.61,7.0,6.5
C.J. Watson,2016,ORL,656.0,12.1,0.461,0.35,18.1,5.6
CJ McCollum,2016,POR,2780.0,27.1,0.544,0.33,21.6,5.0
Cameron Payne,2016,OKC,698.0,20.3,0.49,0.399,22.5,6.6
Carl Landry,2016,PHI,569.0,24.0,0.605,0.052,11.1,14.0
Carmelo Anthony,2016,NYK,2530.0,29.7,0.53,0.237,21.9,12.0
Chandler Parsons,2016,DAL,1799.0,20.5,0.589,0.386,16.0,8.7
Channing Frye,2016,TOT,1200.0,15.1,0.586,0.677,8.7,10.9
Charlie Villanueva,2016,DAL,665.0,25.3,0.473,0.526,6.2,12.5
Chase Budinger,2016,TOT,929.0,14.5,0.514,0.36,10.2,8.8
Chris Bosh,2016,MIA,1778.0,24.7,0.571,0.289,12.1,12.4
Chris Johnson,2016,UTA,857.0,13.6,0.482,0.51,8.0,9.0
Chris Paul,2016,LAC,2420.0,27.1,0.575,0.295,52.7,7.0
Clint Capela,2016,HOU,1471.0,16.1,0.553,0.003,5.1,18.5
Cody Zeller,2016,CHO,1774.0,15.4,0.592,0.023,6.3,14.0
Cole Aldrich,2016,LAC,800.0,18.4,0.626,0.0,10.0,19.6
Corey Brewer,2016,HOU,1669.0,17.8,0.481,0.406,10.0,6.6
Cory Joseph,2016,TOR,2046.0,17.0,0.512,0.188,19.3,5.9
Courtney Lee,2016,TOT,2334.0,14.7,0.551,0.34,9.1,4.9
D'Angelo Russell,2016,LAL,2259.0,24.1,0.507,0.387,21.2,6.5
D.J. Augustin,2016,TOT,1178.0,18.0,0.575,0.48,25.3,4.4
Damian Lillard,2016,POR,2676.0,31.3,0.56,0.414,33.6,6.1
Danilo Gallinari,2016,DEN,1839.0,23.0,0.582,0.341,11.8,8.5
Danny Green,2016,SAS,2062.0,14.6,0.492,0.622,9.3,8.4
Dante Cunningham,2016,NOP,1971.0,11.0,0.54,0.422,5.6,6.6
Darrell Arthur,2016,DEN,1516.0,16.7,0.514,0.239,10.0,10.7
Darren Collison,2016,SAC,2219.0,19.2,0.591,0.28,21.7,4.1
David Lee,2016,TOT,903.0,21.5,0.568,0.003,15.5,18.3
David West,2016,SAS,1404.0,18.0,0.573,0.016,15.4,12.5
DeAndre Jordan,2016,LAC,2598.0,15.4,0.628,0.002,5.3,22.2
DeMar DeRozan,2016,TOR,2804.0,29.8,0.55,0.101,20.8,7.1
DeMarcus Cousins,2016,SAC,2246.0,35.4,0.538,0.158,17.0,18.0
DeMarre Carroll,2016,TOR,786.0,18.5,0.49,0.437,5.5,8.9
Dennis Schröder,2016,ATL,1621.0,28.8,0.51,0.306,36.1,6.9
Deron Williams,2016,DAL,2106.0,22.0,0.53,0.364,29.3,5.0
Derrick Favors,2016,UTA,1983.0,23.9,0.551,0.005,8.9,14.8
Derrick Rose,2016,CHI,2097.0,27.3,0.479,0.143,25.5,5.6
Derrick Williams,2016,NYK,1435.0,23.3,0.55,0.265,8.9,11.3
Devin Booker,2016,PHO,2108.0,23.0,0.535,0.333,15.8,4.8
Devin Harris,2016,DAL,1280.0,17.9,0.559,0.422,14.5,5.9
Dewayne Dedmon,2016,ORL,705.0,15.2,0.606,0.0,2.7,17.9
Dion Waiters,2016,OKC,2152.0,17.7,0.492,0.34,10.0,5.1
Dirk Nowitzki,2016,DAL,2364.0,25.5,0.555,0.308,10.1,11.4
Donald Sloan,2016,BRK,1318.0,16.1,0.536,0.283,30.0,7.4
Donatas Motiejūnas,2016,HOU,547.0,21.4,0.504,0.278,12.2,11.0
Doug McDermott,2016,CHI,1861.0,17.3,0.561,0.402,5.0,5.5
Draymond Green,2016,GSW,2808.0,18.8,0.587,0.315,29.0,14.7
Dwight Howard,2016,HOU,2280.0,18.4,0.604,0.01,7.0,20.2
Dwight Powell,2016,DAL,992.0,18.4,0.557,0.054,7.2,15.1
Dwyane Wade,2016,MIA,2258.0,31.6,0.517,0.037,27.4,7.6
E'Twaun Moore,2016,CHI,1263.0,15.9,0.548,0.267,12.1,5.5
Ed Davis,2016,POR,1684.0,12.7,0.616,0.0,7.7,19.3
Elfrid Payton,2016,ORL,2145.0,20.4,0.478,0.126,32.8,6.7
Emmanuel Mudiay,2016,DEN,2068.0,25.7,0.437,0.256,29.0,6.2
Enes Freedom,2016,OKC,1721.0,23.4,0.626,0.029,3.1,21.0
Eric Bledsoe,2016,PHO,1059.0,27.2,0.557,0.262,31.8,6.4
Eric Gordon,2016,NOP,1481.0,20.3,0.565,0.533,12.7,3.7
Ersan İlyasova,2016,TOT,1881.0,18.6,0.526,0.392,5.6,11.7
Evan Fournier,2016,ORL,2566.0,20.1,0.587,0.42,12.8,4.9
Evan Turner,2016,BOS,2271.0,18.8,0.513,0.11,23.9,9.3
Festus Ezeli,2016,GSW,770.0,18.2,0.559,0.0,5.8,18.0
Frank Kaminsky,2016,CHO,1708.0,17.1,0.513,0.385,9.0,10.7
Garrett Temple,2016,WAS,1951.0,14.0,0.52,0.511,10.0,6.1
Gary Harris,2016,DEN,2439.0,16.5,0.566,0.388,9.5,5.0
Gary Neal,2016,WAS,807.0,20.5,0.558,0.308,9.2,5.8
George Hill,2016,IND,2524.0,15.8,0.555,0.425,15.5,6.5
Gerald Green,2016,MIA,1557.0,19.8,0.491,0.443,5.6,5.9
Gerald Henderson,2016,POR,1431.0,20.2,0.526,0.257,8.2,8.0
Giannis Antetokounmpo,2016,MIL,2823.0,22.3,0.566,0.108,20.0,12.4
Glenn Robinson III,2016,IND,508.0,16.1,0.508,0.245,7.7,7.3
Goran Dragić,2016,MIA,2363.0,21.9,0.537,0.234,28.7,6.6
Gordon Hayward,2016,UTA,2893.0,25.7,0.559,0.341,18.2,8.0
Gorgui Dieng,2016,MIN,2220.0,16.7,0.601,0.035,10.1,15.3
Greg Monroe,2016,MIL,2314.0,23.5,0.562,0.001,13.2,17.2
Harrison Barnes,2016,GSW,2042.0,15.9,0.559,0.338,7.8,8.6
Hassan Whiteside,2016,MIA,2125.0,20.7,0.629,0.0,2.4,23.1
Hollis Thompson,2016,PHI,2154.0,16.2,0.525,0.576,7.4,6.9
Ian Clark,2016,GSW,578.0,19.5,0.544,0.416,15.3,6.3
Ian Mahinmi,2016,IND,1816.0,15.7,0.603,0.0,8.9,15.3
Iman Shumpert,2016,CLE,1316.0,13.2,0.475,0.479,9.8,8.7
Isaiah Canaan,2016,PHI,1966.0,19.9,0.528,0.672,11.3,4.8
Isaiah Thomas,2016,BOS,2644.0,29.6,0.562,0.336,32.7,4.9
Ish Smith,2016,TOT,2239.0,23.9,0.465,0.176,38.3,7.5
J.J. Barea,2016,DAL,1667.0,23.8,0.536,0.366,31.5,5.0
J.J. Redick,2016,LAC,2097.0,22.6,0.632,0.478,8.6,3.6
J.R. Smith,2016,CLE,2362.0,18.0,0.542,0.6,8.5,5.2
JaKarr Sampson,2016,TOT,1160.0,16.6,0.504,0.199,6.2,9.0
JaMychal Green,2016,MEM,1446.0,19.8,0.52,0.091,7.7,14.7
Jabari Parker,2016,MIL,2408.0,20.9,0.535,0.039,8.9,9.4
Jae Crowder,2016,BOS,2308.0,18.5,0.565,0.446,8.9,8.6
Jahlil Okafor,2016,PHI,1591.0,27.3,0.536,0.008,8.2,12.8
Jamal Crawford,2016,LAC,2126.0,24.9,0.529,0.366,14.0,3.7
Jameer Nelson,2016,DEN,1036.0,16.4,0.464,0.469,27.3,6.2
James Anderson,2016,SAC,721.0,13.7,0.469,0.483,7.7,6.5
James Harden,2016,HOU,3125.0,32.5,0.598,0.406,35.4,8.8
James Johnson,2016,TOR,926.0,15.9,0.532,0.275,11.4,7.8
Jared Dudley,2016,WAS,2098.0,12.7,0.602,0.489,11.4,7.6
Jared Sullinger,2016,BOS,1915.0,21.8,0.476,0.128,15.5,18.7
Jarrett Jack,2016,BRK,1027.0,21.7,0.505,0.285,35.0,7.4
Jason Smith,2016,ORL,1181.0,22.1,0.513,0.032,8.6,10.3
Jason Terry,2016,HOU,1258.0,15.0,0.54,0.694,12.4,3.5
Jeff Green,2016,TOT,2253.0,20.2,0.51,0.258,10.0,8.3
Jeff Teague,2016,ATL,2255.0,26.6,0.551,0.278,34.4,5.2
Jeff Withey,2016,UTA,658.0,15.1,0.577,0.012,5.0,15.4
Jerami Grant,2016,PHI,2066.0,18.0,0.506,0.244,10.4,9.5
Jeremy Lamb,2016,CHO,1227.0,22.0,0.529,0.355,10.9,11.2
Jeremy Lin,2016,CHO,2048.0,22.2,0.534,0.31,18.6,6.8
Jerian Grant,2016,NYK,1265.0,19.0,0.479,0.256,21.8,6.2
Jerryd Bayless,2016,MIL,1505.0,16.4,0.568,0.529,16.2,5.4
Jimmy Butler,2016,CHI,2474.0,24.4,0.562,0.198,21.4,7.6
Joakim Noah,2016,CHI,635.0,14.2,0.406,0.008,24.2,21.1
Joe Ingles,2016,UTA,1241.0,13.5,0.572,0.722,12.1,7.1
Joe Johnson,2016,TOT,2703.0,17.9,0.538,0.364,18.0,6.1
Joffrey Lauvergne,2016,DEN,1041.0,19.5,0.567,0.139,9.1,15.4
John Henson,2016,MIL,960.0,19.1,0.58,0.003,9.0,13.2
John Wall,2016,WAS,2784.0,28.6,0.51,0.243,46.2,7.6
Johnny O'Bryant,2016,MIL,857.0,13.5,0.441,0.005,5.4,11.7
Jon Leuer,2016,PHO,1255.0,19.8,0.555,0.236,9.6,16.1
Jonas Jerebko,2016,BOS,1176.0,13.5,0.531,0.378,7.4,13.0
Jonas Valančiūnas,2016,TOR,1557.0,20.9,0.61,0.0,4.8,20.1
Jonathon Simmons,2016,SAS,813.0,18.9,0.586,0.194,10.4,6.7
Jordan Clarkson,2016,LAL,2552.0,22.8,0.516,0.291,13.8,6.6
Jordan Hill,2016,IND,1513.0,20.3,0.534,0.002,9.5,16.3
Josh McRoberts,2016,MIA,595.0,15.0,0.453,0.331,19.4,10.0
Josh Richardson,2016,MIA,1107.0,13.8,0.569,0.423,9.7,5.5
Josh Smith,2016,TOT,880.0,22.9,0.439,0.41,15.9,11.9
José Calderón,2016,NYK,2024.0,12.6,0.571,0.446,22.3,6.2
Jrue Holiday,2016,NOP,1831.0,28.9,0.529,0.277,37.3,5.9
Julius Randle,2016,LAL,2286.0,21.2,0.482,0.043,11.0,19.5
Justin Anderson,2016,DAL,647.0,15.8,0.522,0.474,6.8,11.2
Justin Holiday,2016,TOT,773.0,16.2,0.489,0.461,10.7,6.2
Justise Winslow,2016,MIA,2232.0,12.5,0.489,0.251,7.4,10.2
Jusuf Nurkić,2016,DEN,547.0,27.2,0.46,0.012,12.3,17.7
Karl-Anthony Towns,2016,MIN,2627.0,24.9,0.59,0.076,11.3,19.0
Kawhi Leonard,2016,SAS,2380.0,25.8,0.616,0.267,13.0,11.8
Kelly Olynyk,2016,BOS,1395.0,20.9,0.561,0.378,11.9,10.7
Kelly Oubre Jr.,2016,WAS,671.0,17.4,0.507,0.374,2.8,11.1
Kemba Walker,2016,CHO,2885.0,26.5,0.554,0.368,25.7,6.8
Kendrick Perkins,2016,NOP,542.0,10.4,0.529,0.0,7.9,13.1
Kenneth Faried,2016,DEN,1694.0,21.0,0.577,0.003,8.1,19.0
Kent Bazemore,2016,ATL,2083.0,20.0,0.551,0.421,12.7,9.9
Kentavious Caldwell-Pope,2016,DET,2789.0,18.2,0.521,0.384,7.8,5.5
Kevin Durant,2016,OKC,2578.0,30.6,0.634,0.348,24.2,12.4
Kevin Garnett,2016,MIN,556.0,11.3,0.491,0.009,16.4,15.7
Kevin Love,2016,CLE,2424.0,23.4,0.553,0.449,12.2,17.8
Kevin Martin,2016,TOT,1095.0,22.6,0.52,0.325,8.2,5.8
Kevin Séraphin,2016,NYK,526.0,22.2,0.435,0.01,14.8,13.1
Khris Middleton,2016,MIL,2852.0,23.0,0.56,0.316,18.9,6.0
Kirk Hinrich,2016,TOT,631.0,11.6,0.504,0.481,16.0,5.9
Klay Thompson,2016,GSW,2666.0,26.3,0.597,0.469,9.8,6.2
Kobe Bryant,2016,LAL,1863.0,32.2,0.469,0.42,19.1,7.1
Kosta Koufos,2016,SAC,1482.0,15.4,0.54,0.0,3.3,15.4
Kris Humphries,2016,TOT,835.0,19.5,0.517,0.366,6.6,14.4
Kristaps Porziņģis,2016,NYK,2047.0,24.6,0.518,0.274,7.9,14.0
Kyle Anderson,2016,SAS,1245.0,14.4,0.528,0.125,13.7,11.2
Kyle Korver,2016,ATL,2401.0,13.7,0.578,0.644,9.9,5.9
Kyle Lowry,2016,TOR,2851.0,26.1,0.578,0.457,29.9,7.3
Kyle O'Quinn,2016,NYK,764.0,21.2,0.52,0.081,15.9,17.9
Kyle Singler,2016,OKC,977.0,11.9,0.481,0.439,3.2,7.9
Kyrie Irving,2016,CLE,1667.0,29.5,0.54,0.298,26.6,5.3
LaMarcus Aldridge,2016,SAS,2261.0,25.9,0.565,0.015,8.1,15.9
Lance Stephenson,2016,TOT,1372.0,20.2,0.548,0.165,16.2,9.1
Lance Thomas,2016,NYK,1313.0,16.9,0.557,0.285,6.4,5.4
Langston Galloway,2016,NYK,2033.0,15.6,0.49,0.381,15.7,7.7
Larry Nance Jr.,2016,LAL,1266.0,12.6,0.544,0.033,5.7,13.3
Lavoy Allen,2016,IND,1599.0,13.0,0.532,0.0,7.1,14.5
LeBron James,2016,CLE,2709.0,31.4,0.588,0.199,36.0,11.8
Leandro Barbosa,2016,GSW,1079.0,18.1,0.545,0.297,10.6,5.8
Lou Williams,2016,LAL,1907.0,22.8,0.584,0.462,15.1,4.8
Luc Mbah a Moute,2016,LAC,1274.0,9.4,0.498,0.193,3.3,7.3
Luis Scola,2016,TOR,1636.0,19.5,0.523,0.269,6.8,12.6
Luke Babbitt,2016,NOP,845.0,17.5,0.526,0.377,9.6,9.7
Luol Deng,2016,MIA,2394.0,17.4,0.549,0.344,9.0,10.5
Manu Ginóbili,2016,SAS,1134.0,23.6,0.573,0.411,23.6,7.3
Marc Gasol,2016,MEM,1791.0,23.4,0.528,0.004,18.9,11.5
Marcelo Huertas,2016,LAL,869.0,16.3,0.488,0.265,33.9,5.6
Marcin Gortat,2016,WAS,2256.0,18.9,0.592,0.001,7.5,18.4
Marco Belinelli,2016,SAC,1672.0,19.7,0.5,0.468,11.1,3.8
Marcus Morris,2016,DET,2856.0,18.4,0.531,0.315,11.0,7.7
Marcus Smart,2016,BOS,1667.0,17.4,0.463,0.456,15.8,8.1
Marcus Thornton,2016,TOT,1109.0,24.4,0.511,0.498,12.9,7.5
Mario Chalmers,2016,TOT,1373.0,21.9,0.561,0.336,26.6,6.5
Mario Hezonja,2016,ORL,1413.0,16.9,0.541,0.459,11.2,6.9
Markel Brown,2016,BRK,982.0,18.9,0.5,0.376,13.9,7.0
Markieff Morris,2016,TOT,1629.0,24.2,0.489,0.216,12.7,11.9
Marreese Speights,2016,GSW,832.0,29.7,0.506,0.136,11.4,15.5
Marvin Williams,2016,CHO,2338.0,16.8,0.585,0.506,7.6,12.2
Mason Plumlee,2016,POR,2084.0,17.1,0.564,0.008,16.2,16.3
Matt Barnes,2016,MEM,2190.0,17.9,0.503,0.534,11.6,10.9
Matthew Dellavedova,2016,CLE,1867.0,15.9,0.527,0.468,26.2,4.9
Maurice Harkless,2016,POR,1457.0,15.6,0.541,0.341,6.9,10.4
Metta World Peace,2016,LAL,590.0,16.2,0.435,0.475,7.2,8.1
Meyers Leonard,2016,POR,1333.0,17.4,0.561,0.524,10.6,12.8
Michael Carter-Williams,2016,MIL,1649.0,21.3,0.497,0.099,26.6,9.6
Mike Conley,2016,MEM,1761.0,22.4,0.538,0.309,32.7,5.3
Mike Dunleavy,2016,CHI,703.0,14.4,0.543,0.527,8.1,6.2
Mike Muscala,2016,ATL,565.0,15.5,0.576,0.257,9.1,11.3
Mike Scott,2016,ATL,1146.0,17.4,0.575,0.42,10.5,9.8
Miles Plumlee,2016,MIL,870.0,15.5,0.606,0.0,2.9,15.2
Mirza Teletović,2016,PHO,1686.0,23.4,0.571,0.592,9.1,9.7
Mo Williams,2016,CLE,748.0,22.8,0.527,0.338,21.1,5.4
Monta Ellis,2016,IND,2734.0,21.2,0.504,0.276,22.2,5.4
Myles Turner,2016,IND,1367.0,20.9,0.531,0.026,5.0,13.3
Nemanja Bjelica,2016,MIN,1075.0,12.8,0.594,0.532,11.4,11.4
Nenê,2016,WAS,1094.0,21.6,0.564,0.008,14.1,13.2
Nerlens Noel,2016,PHI,1965.0,18.8,0.544,0.003,10.5,15.0
Nick Collison,2016,OKC,699.0,10.6,0.498,0.018,9.6,13.3
Nick Young,2016,LAL,1033.0,18.5,0.483,0.637,5.4,5.1
Nicolas Batum,2016,CHO,2448.0,21.4,0.546,0.457,26.9,9.6
Nik Stauskas,2016,PHI,1809.0,16.7,0.517,0.596,12.0,5.5
Nikola Jokić,2016,DEN,1733.0,19.9,0.582,0.14,18.1,17.9
Nikola Mirotić,2016,CHI,1646.0,21.1,0.564,0.568,9.4,11.6
Nikola Vučević,2016,ORL,2037.0,26.8,0.531,0.009,15.9,15.7
Noah Vonleh,2016,POR,1174.0,13.0,0.471,0.165,3.7,14.1
Norman Powell,2016,TOR,725.0,17.8,0.541,0.389,10.4,8.8
Norris Cole,2016,NOP,1198.0,21.7,0.465,0.211,22.0,7.0
O.J. Mayo,2016,MIL,1090.0,17.0,0.474,0.505,15.8,5.5
Omri Casspi,2016,SAC,1880.0,17.8,0.587,0.441,7.5,11.8
Otto Porter Jr.,2016,WAS,2276.0,16.2,0.564,0.372,7.9,9.6
P.J. Hairston,2016,TOT,1313.0,16.4,0.47,0.591,4.4,7.3
P.J. Tucker,2016,PHO,2540.0,12.7,0.506,0.354,10.2,10.9
Pablo Prigioni,2016,LAC,823.0,11.0,0.482,0.646,21.8,7.5
Patrick Beverley,2016,HOU,2041.0,15.3,0.553,0.522,17.9,6.8
Patrick Patterson,2016,TOR,2020.0,12.9,0.534,0.594,7.1,9.7
Patty Mills,2016,SAS,1662.0,19.7,0.541,0.523,20.1,5.4
Pau Gasol,2016,CHI,2291.0,24.6,0.529,0.069,21.7,18.2
Paul George,2016,IND,2819.0,30.4,0.557,0.391,20.3,10.9
Paul Millsap,2016,ATL,2647.0,24.3,0.556,0.218,16.4,15.1
Paul Pierce,2016,LAC,1231.0,17.8,0.489,0.61,8.5,8.2
Quincy Acy,2016,SAC,876.0,13.1,0.629,0.229,4.4,11.6
Rajon Rondo,2016,SAC,2537.0,18.8,0.506,0.217,48.0,9.3
Ramon Sessions,2016,WAS,1667.0,21.8,0.565,0.188,22.0,6.8
Randy Foye,2016,TOT,1642.0,15.9,0.461,0.519,14.1,5.2
Rashad Vaughn,2016,MIL,1001.0,13.5,0.398,0.553,5.5,5.0
Raul Neto,2016,UTA,1499.0,17.2,0.53,0.388,18.7,4.7
Raymond Felton,2016,DAL,2192.0,18.4,0.502,0.312,20.3,6.5
Reggie Jackson,2016,DET,2424.0,29.1,0.535,0.268,36.3,5.7
Richard Jefferson,2016,CLE,1326.0,13.4,0.585,0.554,6.4,5.5
Richaun Holmes,2016,PHI,702.0,17.9,0.564,0.198,8.0,10.5
Ricky Rubio,2016,MIN,2323.0,17.7,0.529,0.324,41.4,8.2
Robert Covington,2016,PHI,1903.0,21.5,0.543,0.677,8.4,12.0
Robin Lopez,2016,NYK,2219.0,17.7,0.574,0.002,8.5,14.8
Rodney Hood,2016,UTA,2541.0,21.5,0.542,0.462,14.4,6.1
Rodney Stuckey,2016,IND,1275.0,20.3,0.504,0.187,17.2,6.7
Rondae Hollis-Jefferson,2016,BRK,615.0,13.5,0.519,0.101,10.1,14.1
Ronnie Price,2016,PHO,1211.0,13.7,0.517,0.649,17.9,4.4
Roy Hibbert,2016,LAL,1878.0,12.9,0.507,0.005,8.0,11.4
Rudy Gay,2016,SAC,2379.0,22.4,0.538,0.214,8.0,10.4
Rudy Gobert,2016,UTA,1932.0,14.2,0.582,0.0,7.4,20.2
Russell Westbrook,2016,OKC,2750.0,31.6,0.554,0.236,49.6,12.4
Ryan Anderson,2016,NOP,2008.0,24.7,0.546,0.385,6.1,10.9
Sasha Vujačić,2016,NYK,908.0,16.8,0.503,0.516,14.3,9.0
Sean Kilpatrick,2016,TOT,616.0,23.8,0.576,0.422,8.0,5.1
Serge Ibaka,2016,OKC,2500.0,17.6,0.533,0.212,3.9,11.6
Seth Curry,2016,SAC,692.0,17.4,0.603,0.496,14.2,4.7
Shabazz Muhammad,2016,MIN,1682.0,22.8,0.548,0.223,5.2,9.2
Shabazz Napier,2016,ORL,600.0,19.7,0.46,0.517,23.1,5.1
Shane Larkin,2016,BRK,1751.0,17.7,0.515,0.215,29.3,5.8
Shaun Livingston,2016,GSW,1520.0,14.2,0.581,0.032,21.0,6.0
Shelvin Mack,2016,TOT,1058.0,23.3,0.507,0.301,30.6,7.0
Solomon Hill,2016,IND,866.0,13.2,0.543,0.356,9.6,10.5
Spencer Hawes,2016,CHO,1035.0,17.1,0.508,0.333,16.3,12.9
Stanley Johnson,2016,DET,1687.0,19.6,0.46,0.342,10.8,9.9
Stephen Curry,2016,GSW,2700.0,32.6,0.669,0.554,33.7,8.6
Steve Blake,2016,DET,986.0,14.6,0.51,0.629,29.5,4.9
Steven Adams,2016,OKC,2014.0,12.6,0.621,0.0,4.3,14.4
T.J. McConnell,2016,PHI,1606.0,17.0,0.511,0.192,37.2,8.5
T.J. Warren,2016,PHO,1070.0,19.9,0.549,0.159,7.2,7.5
Taj Gibson,2016,CHI,1936.0,14.6,0.556,0.006,8.3,13.7
Tayshaun Prince,2016,MIN,1462.0,8.1,0.466,0.1,7.0,5.8
Terrence Jones,2016,HOU,1044.0,19.3,0.519,0.215,6.3,11.1
Terrence Ross,2016,TOR,1747.0,18.2,0.551,0.542,5.3,6.1
Thabo Sefolosha,2016,ATL,1758.0,12.3,0.578,0.333,8.8,10.4
Thaddeus Young,2016,BRK,2407.0,21.6,0.533,0.031,9.6,15.4
Thomas Robinson,2016,BRK,917.0,19.8,0.453,0.003,7.7,22.0
Tiago Splitter,2016,ATL,579.0,15.5,0.571,0.013,7.9,11.3
Tim Duncan,2016,SAS,1536.0,17.6,0.523,0.005,15.3,16.6
Tim Frazier,2016,TOT,741.0,19.4,0.499,0.21,33.3,8.2
Tim Hardaway Jr.,2016,ATL,864.0,16.2,0.563,0.536,8.9,5.4
Timofey Mozgov,2016,CLE,1326.0,16.1,0.593,0.019,3.9,14.4
Tobias Harris,2016,TOT,2513.0,19.3,0.56,0.269,10.6,11.2
Toney Douglas,2016,NOP,1262.0,19.4,0.543,0.456,19.1,6.3
Tony Allen,2016,MEM,1620.0,16.8,0.505,0.09,6.9,10.4
Tony Parker,2016,SAS,1980.0,21.2,0.546,0.092,29.1,5.1
Tony Snell,2016,CHI,1301.0,13.7,0.478,0.457,6.9,8.1
Trevor Ariza,2016,HOU,2859.0,15.7,0.551,0.581,10.0,7.1
Trevor Booker,2016,UTA,1632.0,14.6,0.533,0.106,8.2,16.2
Trey Burke,2016,UTA,1366.0,25.3,0.507,0.404,19.7,4.8
Trey Lyles,2016,UTA,1382.0,17.9,0.517,0.294,7.1,12.6
Tristan Thompson,2016,CLE,2269.0,11.7,0.611,0.0,4.0,18.4
Ty Lawson,2016,TOT,1411.0,14.9,0.476,0.305,24.6,4.7
Tyler Ennis,2016,MIL,654.0,17.1,0.51,0.209,21.9,6.6
Tyler Johnson,2016,MIA,863.0,16.8,0.579,0.292,13.9,7.2
Tyler Zeller,2016,BOS,710.0,23.0,0.539,0.0,6.6,13.3
Tyreke Evans,2016,NOP,765.0,24.7,0.534,0.271,34.6,9.3
Tyson Chandler,2016,PHO,1618.0,12.7,0.606,0.003,6.0,19.3
Tyus Jones,2016,MIN,573.0,16.1,0.45,0.34,27.7,4.8
Victor Oladipo,2016,ORL,2379.0,22.9,0.534,0.291,18.6,8.0
Vince Carter,2016,MEM,1005.0,18.5,0.52,0.493,8.9,8.3
Wayne Ellington,2016,BRK,1615.0,17.5,0.498,0.478,7.8,6.1
Wesley Johnson,2016,LAC,1666.0,16.0,0.513,0.6,4.4,8.1
Wesley Matthews,2016,DAL,2644.0,17.2,0.532,0.615,8.9,4.9
Will Barton,2016,DEN,2353.0,23.0,0.535,0.331,14.4,11.2
Willie Cauley-Stein,2016,SAC,1412.0,13.2,0.588,0.006,3.8,13.5
Zach LaVine,2016,MIN,2294.0,23.5,0.548,0.33,18.6,5.8
Zach Randolph,2016,MEM,2016.0,24.6,0.519,0.029,12.9,15.0
Zaza Pachulia,2016,DAL,2004.0,16.2,0.55,0.006,9.7,19.7
Ömer Aşık,2016,NOP,1178.0,11.4,0.551,0.0,3.1,19.5
